sourceID,reportingCompany,reportYear,projectCountry,projectName,paymentType,projectPayment,notes,nrgiNotes
03d0ece12cd1e65c60e7672b074995b4,Chevron Canada Limited,2016,Nigeria,OML 127/128,Taxes,331975343.92,Payments made in naira are translated to US dollars using the payment date FX rate. US dollars are converted to Canadian dollars using the financial year end FX rate: 1 USD : 1.3427 CAD.,Converted to USD from  CAD at the rate : 0.754489418; Project  -  Oml127128  - was replaced by -  OML 127/128 ;
03d0ece12cd1e65c60e7672b074995b4,Chevron Canada Limited,2016,Nigeria,Niger Delta Concessions,Taxes,162215224.87,Payments made in naira are translated to US dollars using the payment date FX rate. US dollars are converted to Canadian dollars using the financial year end FX rate: 1 USD : 1.3427 CAD.,Converted to USD from  CAD at the rate : 0.754489418; Project  -  Niger Delta Concessions  - could not be identified;
03d0ece12cd1e65c60e7672b074995b4,Chevron Canada Limited,2016,Nigeria,Niger Delta Concessions,Royalties,208239079.368,Payments made in naira are translated to US dollars using the payment date FX rate. US dollars are converted to Canadian dollars using the financial year end FX rate: 1 USD : 1.3427 CAD.,Converted to USD from  CAD at the rate : 0.754489418; Project  -  Niger Delta Concessions  - could not be identified;
03d0ece12cd1e65c60e7672b074995b4,Chevron Canada Limited,2016,Nigeria,OML 127/128,Fees,31084964.0216,Payments made in naira are translated to US dollars using the payment date FX rate. US dollars are converted to Canadian dollars using the financial year end FX rate: 1 USD : 1.3427 CAD.,Converted to USD from  CAD at the rate : 0.754489418; Project  -  Oml127128  - was replaced by -  OML 127/128 ;
03d0ece12cd1e65c60e7672b074995b4,Chevron Canada Limited,2016,Nigeria,Niger Delta Concessions,Fees,37799919.841800004,Payments made in naira are translated to US dollars using the payment date FX rate. US dollars are converted to Canadian dollars using the financial year end FX rate: 1 USD : 1.3427 CAD.,Converted to USD from  CAD at the rate : 0.754489418; Project  -  Niger Delta Concessions  - could not be identified;
a78a8df57ad2e4ad2a2a18df9169c19e,CNOOC Limited,2016,Nigeria,OML 130,Taxes,5252481.968400001,NA,Converted to USD from  CNY at the rate : 0.150500916; Company  -  Cnooc Limited  - was replaced by -  CNOOC Limited ; Project  -  Oml 130  - was replaced by -  OML 130 ;
a78a8df57ad2e4ad2a2a18df9169c19e,CNOOC Limited,2016,Nigeria,OML 138,Taxes,2182263.282,NA,Converted to USD from  CNY at the rate : 0.150500916; Company  -  Cnooc Limited  - was replaced by -  CNOOC Limited ; Project  -  Oml 138  - was replaced by -  OML 138 ;
a78a8df57ad2e4ad2a2a18df9169c19e,CNOOC Limited,2016,Nigeria,OML 130,Royalties,293.92828894800004,NA,Converted to USD from  CNY at the rate : 0.150500916; Company  -  Cnooc Limited  - was replaced by -  CNOOC Limited ; Project  -  Oml 130  - was replaced by -  OML 130 ;
a78a8df57ad2e4ad2a2a18df9169c19e,CNOOC Limited,2016,Nigeria,OML 138,Royalties,23628643.812000003,NA,Converted to USD from  CNY at the rate : 0.150500916; Company  -  Cnooc Limited  - was replaced by -  CNOOC Limited ; Project  -  Oml 138  - was replaced by -  OML 138 ;
a78a8df57ad2e4ad2a2a18df9169c19e,CNOOC Limited,2016,Nigeria,OML 130,Fees,44698772.052,NA,Converted to USD from  CNY at the rate : 0.150500916; Company  -  Cnooc Limited  - was replaced by -  CNOOC Limited ; Project  -  Oml 130  - was replaced by -  OML 130 ;
a78a8df57ad2e4ad2a2a18df9169c19e,CNOOC Limited,2016,Nigeria,OML 138,Fees,5433083.067600001,NA,Converted to USD from  CNY at the rate : 0.150500916; Company  -  Cnooc Limited  - was replaced by -  CNOOC Limited ; Project  -  Oml 138  - was replaced by -  OML 138 ;
2ba84fee7d2c089c512c87736aea7843,Eni S.p.A.,2016,Nigeria,Naoc Jv Landswamp Areas,Production entitlements,788686191.333,"includes 46,959 KBOE paid in kind, includes 5,713 KBOE paid in kind",Converted to USD from  EUR at the rate : 1.106151741; Company  -  Eni  - was replaced by -  Eni S.p.A. ; Payment Type  -  Production entitlement  - was replaced by -  Production entitlements ; Project  -  Naoc Jv Landswamp Areas  - could not be identified;
2ba84fee7d2c089c512c87736aea7843,Eni S.p.A.,2016,Nigeria,OML 125,Production entitlements,5088298.008599999,"includes 41,779 KBOE paid in kind",Converted to USD from  EUR at the rate : 1.106151741; Company  -  Eni  - was replaced by -  Eni S.p.A. ; Payment Type  -  Production entitlement  - was replaced by -  Production entitlements ; Project  -  Nigeria Deep Offshore Oml125opl245  - was replaced by -  OML 125 ;
2ba84fee7d2c089c512c87736aea7843,Eni S.p.A.,2016,Nigeria,OML 116,Taxes,28096254.221399996,includes 634 KBOE paid in kind,Converted to USD from  EUR at the rate : 1.106151741; Company  -  Eni  - was replaced by -  Eni S.p.A. ; Project  -  Nigeria Offshore Oml 116  - was replaced by -  OML 116 ;
2ba84fee7d2c089c512c87736aea7843,Eni S.p.A.,2016,Nigeria,Payments not Attributable to Projects,Taxes,131632057.17899999,NA,Converted to USD from  EUR at the rate : 1.106151741; Company  -  Eni  - was replaced by -  Eni S.p.A. ; Project  -  Payments not Attributable to Projects  - could not be identified;
2ba84fee7d2c089c512c87736aea7843,Eni S.p.A.,2016,Nigeria,Naoc Jv Landswamp Areas,Royalties,52984668.39389999,"includes 46,959 KBOE paid in kind, includes 5,713 KBOE paid in kind",Converted to USD from  EUR at the rate : 1.106151741; Company  -  Eni  - was replaced by -  Eni S.p.A. ; Project  -  Naoc Jv Landswamp Areas  - could not be identified;
2ba84fee7d2c089c512c87736aea7843,Eni S.p.A.,2016,Nigeria,OML 116,Royalties,17477197.507799998,[D] includes 394 KBOE paid in kind,Converted to USD from  EUR at the rate : 1.106151741; Company  -  Eni  - was replaced by -  Eni S.p.A. ; Project  -  Nigeria Offshore Oml 116  - was replaced by -  OML 116 ;
2ba84fee7d2c089c512c87736aea7843,Eni S.p.A.,2016,Nigeria,OML 125,Royalties,24777798.9984,[E] includes 558 KBOE paid in kind,Converted to USD from  EUR at the rate : 1.106151741; Company  -  Eni  - was replaced by -  Eni S.p.A. ; Project  -  Nigeria Deep Offshore Oml125opl245  - was replaced by -  OML 125 ;
2ba84fee7d2c089c512c87736aea7843,Eni S.p.A.,2016,Nigeria,Spdc JV,Royalties,21459343.775399998,NA,Converted to USD from  EUR at the rate : 1.106151741; Company  -  Eni  - was replaced by -  Eni S.p.A. ; Project  -  Spdc Jv  - was replaced by -  Spdc JV ;
2ba84fee7d2c089c512c87736aea7843,Eni S.p.A.,2016,Nigeria,Naoc Jv Landswamp Areas,Fees,16592276.114999998,"includes 46,959 KBOE paid in kind, includes 5,713 KBOE paid in kind",Converted to USD from  EUR at the rate : 1.106151741; Company  -  Eni  - was replaced by -  Eni S.p.A. ; Project  -  Naoc Jv Landswamp Areas  - could not be identified;
2ba84fee7d2c089c512c87736aea7843,Eni S.p.A.,2016,Nigeria,OML 116,Fees,942441.2833319999,NA,Converted to USD from  EUR at the rate : 1.106151741; Company  -  Eni  - was replaced by -  Eni S.p.A. ; Project  -  Nigeria Offshore Oml 116  - was replaced by -  OML 116 ;
2ba84fee7d2c089c512c87736aea7843,Eni S.p.A.,2016,Nigeria,OML 125,Fees,4933436.7648599995,includes 1 KBOE paid in kind,Converted to USD from  EUR at the rate : 1.106151741; Company  -  Eni  - was replaced by -  Eni S.p.A. ; Project  -  Nigeria Deep Offshore Oml125opl245  - was replaced by -  OML 125 ;
d0e485e0dc22255f44ecf8dec0615a53,Eni S.p.A.,2017,Nigeria,Naoc Jv Landswamp Areas,Production entitlements,954849999.9999999,NA,Converted to USD from  EUR at the rate : 1.13; Company  -  Eni  - was replaced by -  Eni S.p.A. ; Payment Type  -  Production Entitlement  - was replaced by -  Production entitlements ; Project  -  Naoc Jv Landswamp Areas  - could not be identified;
d0e485e0dc22255f44ecf8dec0615a53,Eni S.p.A.,2017,Nigeria,Naoc Jv Landswamp Areas,Royalties,60002999.99999999,NA,Converted to USD from  EUR at the rate : 1.13; Company  -  Eni  - was replaced by -  Eni S.p.A. ; Project  -  Naoc Jv Landswamp Areas  - could not be identified;
d0e485e0dc22255f44ecf8dec0615a53,Eni S.p.A.,2017,Nigeria,Naoc Jv Landswamp Areas,Fees,2802399.9999999995,NA,Converted to USD from  EUR at the rate : 1.13; Company  -  Eni  - was replaced by -  Eni S.p.A. ; Project  -  Naoc Jv Landswamp Areas  - could not be identified;
d0e485e0dc22255f44ecf8dec0615a53,Eni S.p.A.,2017,Nigeria,OML 116,Taxes,25989999.999999996,NA,Converted to USD from  EUR at the rate : 1.13; Company  -  Eni  - was replaced by -  Eni S.p.A. ; Project  -  Nigeria Offshore Oml 116  - was replaced by -  OML 116 ;
d0e485e0dc22255f44ecf8dec0615a53,Eni S.p.A.,2017,Nigeria,OML 116,Royalties,15141999.999999998,NA,Converted to USD from  EUR at the rate : 1.13; Company  -  Eni  - was replaced by -  Eni S.p.A. ; Project  -  Nigeria Offshore Oml 116  - was replaced by -  OML 116 ;
d0e485e0dc22255f44ecf8dec0615a53,Eni S.p.A.,2017,Nigeria,OML 116,Fees,221479.99999999997,NA,Converted to USD from  EUR at the rate : 1.13; Company  -  Eni  - was replaced by -  Eni S.p.A. ; Project  -  Nigeria Offshore Oml 116  - was replaced by -  OML 116 ;
d0e485e0dc22255f44ecf8dec0615a53,Eni S.p.A.,2017,Nigeria,OML 125,Production entitlements,3966299.9999999995,NA,Converted to USD from  EUR at the rate : 1.13; Company  -  Eni  - was replaced by -  Eni S.p.A. ; Payment Type  -  Production Entitlement  - was replaced by -  Production entitlements ; Project  -  Nigeria Deep Offshore Oml125  - was replaced by -  OML 125 ;
d0e485e0dc22255f44ecf8dec0615a53,Eni S.p.A.,2017,Nigeria,OML 125,Taxes,2768499.9999999995,NA,Converted to USD from  EUR at the rate : 1.13; Company  -  Eni  - was replaced by -  Eni S.p.A. ; Project  -  Nigeria Deep Offshore Oml125  - was replaced by -  OML 125 ;
d0e485e0dc22255f44ecf8dec0615a53,Eni S.p.A.,2017,Nigeria,OML 125,Royalties,21695999.999999996,NA,Converted to USD from  EUR at the rate : 1.13; Company  -  Eni  - was replaced by -  Eni S.p.A. ; Project  -  Nigeria Deep Offshore Oml125  - was replaced by -  OML 125 ;
d0e485e0dc22255f44ecf8dec0615a53,Eni S.p.A.,2017,Nigeria,OML 125,Fees,9525900,NA,Converted to USD from  EUR at the rate : 1.13; Company  -  Eni  - was replaced by -  Eni S.p.A. ; Project  -  Nigeria Deep Offshore Oml125  - was replaced by -  OML 125 ;
d0e485e0dc22255f44ecf8dec0615a53,Eni S.p.A.,2017,Nigeria,Spdc JV,Royalties,32656999.999999996,NA,Converted to USD from  EUR at the rate : 1.13; Company  -  Eni  - was replaced by -  Eni S.p.A. ; Project  -  Spdc Jv  - was replaced by -  Spdc JV ;
d0e485e0dc22255f44ecf8dec0615a53,Eni S.p.A.,2017,Nigeria,OPL 245,Fees,509629.99999999994,NA,Converted to USD from  EUR at the rate : 1.13; Company  -  Eni  - was replaced by -  Eni S.p.A. ; Project  -  Nigeria Deep Offshore Opl245  - was replaced by -  OPL 245 ;
d0e485e0dc22255f44ecf8dec0615a53,Eni S.p.A.,2017,Nigeria,Payments not Attributable to Projects,Taxes,80907999.99999999,NA,Converted to USD from  EUR at the rate : 1.13; Company  -  Eni  - was replaced by -  Eni S.p.A. ; Project  -  Payments not Attributable to Projects  - could not be identified;
3e8e120e8174186ae58815af632ec414-53e588e7d9960ad1154c65d4a8569c81-c3934ecb9f0bd708c4b096418b756d33-56dea99460f4eb76249dafd51f5e513a,Nexen Petroleum U.K. Limited,2016,Nigeria,OML 130,Taxes,5252481.968400001,NA,Converted to USD from  CNY at the rate : 0.150500916; Country  -  Nga  - was replaced by -  Nigeria ; Company  -  Nexen Petroleum Uk Limited  - was replaced by -  Nexen Petroleum U.K. Limited ; Payment Type  -  Tax  - was replaced by -  Taxes ; Project  -  Oml 130  - was replaced by -  OML 130 ;
3e8e120e8174186ae58815af632ec414-53e588e7d9960ad1154c65d4a8569c81-c3934ecb9f0bd708c4b096418b756d33-56dea99460f4eb76249dafd51f5e513a,Nexen Petroleum U.K. Limited,2016,Nigeria,OML 138,Taxes,2182263.282,NA,Converted to USD from  CNY at the rate : 0.150500916; Country  -  Nga  - was replaced by -  Nigeria ; Company  -  Nexen Petroleum Uk Limited  - was replaced by -  Nexen Petroleum U.K. Limited ; Payment Type  -  Tax  - was replaced by -  Taxes ; Project  -  Oml 138  - was replaced by -  OML 138 ;
3e8e120e8174186ae58815af632ec414-53e588e7d9960ad1154c65d4a8569c81-c3934ecb9f0bd708c4b096418b756d33-56dea99460f4eb76249dafd51f5e513a,Nexen Petroleum U.K. Limited,2016,Nigeria,OML 130,Royalties,293.47678620000005,NA,Converted to USD from  CNY at the rate : 0.150500916; Country  -  Nga  - was replaced by -  Nigeria ; Company  -  Nexen Petroleum Uk Limited  - was replaced by -  Nexen Petroleum U.K. Limited ; Project  -  Oml 130  - was replaced by -  OML 130 ;
3e8e120e8174186ae58815af632ec414-53e588e7d9960ad1154c65d4a8569c81-c3934ecb9f0bd708c4b096418b756d33-56dea99460f4eb76249dafd51f5e513a,Nexen Petroleum U.K. Limited,2016,Nigeria,OML 138,Royalties,23628643.812000003,NA,Converted to USD from  CNY at the rate : 0.150500916; Country  -  Nga  - was replaced by -  Nigeria ; Company  -  Nexen Petroleum Uk Limited  - was replaced by -  Nexen Petroleum U.K. Limited ; Project  -  Oml 138  - was replaced by -  OML 138 ;
3e8e120e8174186ae58815af632ec414-53e588e7d9960ad1154c65d4a8569c81-c3934ecb9f0bd708c4b096418b756d33-56dea99460f4eb76249dafd51f5e513a,Nexen Petroleum U.K. Limited,2016,Nigeria,OML 130,Fees,44698772.052,NA,Converted to USD from  CNY at the rate : 0.150500916; Country  -  Nga  - was replaced by -  Nigeria ; Company  -  Nexen Petroleum Uk Limited  - was replaced by -  Nexen Petroleum U.K. Limited ; Project  -  Oml 130  - was replaced by -  OML 130 ;
3e8e120e8174186ae58815af632ec414-53e588e7d9960ad1154c65d4a8569c81-c3934ecb9f0bd708c4b096418b756d33-56dea99460f4eb76249dafd51f5e513a,Nexen Petroleum U.K. Limited,2016,Nigeria,OML 138,Fees,5433083.067600001,NA,Converted to USD from  CNY at the rate : 0.150500916; Country  -  Nga  - was replaced by -  Nigeria ; Company  -  Nexen Petroleum Uk Limited  - was replaced by -  Nexen Petroleum U.K. Limited ; Project  -  Oml 138  - was replaced by -  OML 138 ;
ff248e2c446d24dcc4c4f867dc8a993f,Royal Dutch Shell Public Limited Company,2017,Nigeria,Spdc Shallow Water,Production entitlements,274e6,"Includes payment in kind of $ 273,747,172 for 5,129 KBOE valued at market price",Payments were reported in USD; Company  -  Royal Dutch Shell  - was replaced by -  Royal Dutch Shell Public Limited Company ; Payment Type  -  Production Entitlement  - was replaced by -  Production entitlements ; Project  -  Spdc Shallow Water  - could not be identified;
ff248e2c446d24dcc4c4f867dc8a993f,Royal Dutch Shell Public Limited Company,2017,Nigeria,Spdc West,Production entitlements,578e6,"Includes payment in kind of $ 577,527,685 for 10,541 KBOE valued at market price",Payments were reported in USD; Company  -  Royal Dutch Shell  - was replaced by -  Royal Dutch Shell Public Limited Company ; Payment Type  -  Production Entitlement  - was replaced by -  Production entitlements ; Project  -  Spdc West  - could not be identified;
ff248e2c446d24dcc4c4f867dc8a993f,Royal Dutch Shell Public Limited Company,2017,Nigeria,Spdc East,Production entitlements,141e7,"Includes payment in kind of $ 1,413,062,569 for 78,815 KBOE valued at market price.",Payments were reported in USD; Company  -  Royal Dutch Shell  - was replaced by -  Royal Dutch Shell Public Limited Company ; Payment Type  -  Production Entitlement  - was replaced by -  Production entitlements ; Project  -  Spdc East  - could not be identified;
ff248e2c446d24dcc4c4f867dc8a993f,Royal Dutch Shell Public Limited Company,2017,Nigeria,"OML 118, OML 135",Production entitlements,933e6,"Includes payment in kind of $ 933,193,130 for 16,670 KBOE valued at market price.","Payments were reported in USD; Company  -  Royal Dutch Shell  - was replaced by -  Royal Dutch Shell Public Limited Company ; Payment Type  -  Production Entitlement  - was replaced by -  Production entitlements ; Project  -  Psc 1993 Opl212oml118opl219oml135  - was replaced by -  OML 118, OML 135 ;"
ff248e2c446d24dcc4c4f867dc8a993f,Royal Dutch Shell Public Limited Company,2017,Nigeria,"OML 118, OML 135",Taxes,416e6,"Includes payment in kind of $ 415,978,890 for 7,590 KBOE valued at market price.","Payments were reported in USD; Company  -  Royal Dutch Shell  - was replaced by -  Royal Dutch Shell Public Limited Company ; Project  -  Psc 1993 Opl212oml118opl219oml135  - was replaced by -  OML 118, OML 135 ;"
ff248e2c446d24dcc4c4f867dc8a993f,Royal Dutch Shell Public Limited Company,2017,Nigeria,"OML 118, OML 135",Royalties,348e5,"Includes payment in kind of $ 34,847,300 for 627 KBOE valued at market price","Payments were reported in USD; Company  -  Royal Dutch Shell  - was replaced by -  Royal Dutch Shell Public Limited Company ; Project  -  Psc 1993 Opl212oml118opl219oml135  - was replaced by -  OML 118, OML 135 ;"
ff248e2c446d24dcc4c4f867dc8a993f,Royal Dutch Shell Public Limited Company,2017,Nigeria,OPL 209,Taxes,19e7,"Includes payment in kind of $ 189,911,080 for 3,464 KBOE valued at market price.",Payments were reported in USD; Company  -  Royal Dutch Shell  - was replaced by -  Royal Dutch Shell Public Limited Company ; Project  -  Psc 1993 Opl209  - was replaced by -  OPL 209 ;
ff248e2c446d24dcc4c4f867dc8a993f,Royal Dutch Shell Public Limited Company,2017,Nigeria,The Shell Petroleum Development Company of Nigeria Limited,Taxes,16e7,NA,Payments were reported in USD; Company  -  Royal Dutch Shell  - was replaced by -  Royal Dutch Shell Public Limited Company ;
ff248e2c446d24dcc4c4f867dc8a993f,Royal Dutch Shell Public Limited Company,2017,Nigeria,The Shell Petroleum Development Company of Nigeria Limited,Royalties,211e6,NA,Payments were reported in USD; Company  -  Royal Dutch Shell  - was replaced by -  Royal Dutch Shell Public Limited Company ;
ff248e2c446d24dcc4c4f867dc8a993f,Royal Dutch Shell Public Limited Company,2017,Nigeria,The Shell Petroleum Development Company of Nigeria Limited,Fees,114e6,NA,Payments were reported in USD; Company  -  Royal Dutch Shell  - was replaced by -  Royal Dutch Shell Public Limited Company ;
86b5174a0e6299f0b9fa48e917fb496b-2453b541ba4d85b1530a03ba670122aa-ad7aef052b39e9b29bb983395b6865e5-2e989b6d3f857904984c18bac27a971c,Royal Dutch Shell Public Limited Company,2015,Nigeria,The Shell Petroleum Development Company of Nigeria Limited,Fees,248e6,NA,Payments were reported in USD; Company  -  Royal Dutch Shell Plc  - was replaced by -  Royal Dutch Shell Public Limited Company ;
86b5174a0e6299f0b9fa48e917fb496b-2453b541ba4d85b1530a03ba670122aa-ad7aef052b39e9b29bb983395b6865e5-2e989b6d3f857904984c18bac27a971c,Royal Dutch Shell Public Limited Company,2015,Nigeria,The Shell Petroleum Development Company of Nigeria Limited,Royalties,341e6,NA,Payments were reported in USD; Company  -  Royal Dutch Shell Plc  - was replaced by -  Royal Dutch Shell Public Limited Company ;
86b5174a0e6299f0b9fa48e917fb496b-2453b541ba4d85b1530a03ba670122aa-ad7aef052b39e9b29bb983395b6865e5-2e989b6d3f857904984c18bac27a971c,Royal Dutch Shell Public Limited Company,2015,Nigeria,The Shell Petroleum Development Company of Nigeria Limited,Taxes,26e7,NA,Payments were reported in USD; Company  -  Royal Dutch Shell Plc  - was replaced by -  Royal Dutch Shell Public Limited Company ; Payment Type  -  Tax  - was replaced by -  Taxes ;
86b5174a0e6299f0b9fa48e917fb496b-2453b541ba4d85b1530a03ba670122aa-ad7aef052b39e9b29bb983395b6865e5-2e989b6d3f857904984c18bac27a971c,Royal Dutch Shell Public Limited Company,2015,Nigeria,OPL 209,Taxes,89e6,2000 KBOE at Market price,Payments were reported in USD; Company  -  Royal Dutch Shell Plc  - was replaced by -  Royal Dutch Shell Public Limited Company ; Payment Type  -  Tax  - was replaced by -  Taxes ; Project  -  Psc 1993 Opl209  - was replaced by -  OPL 209 ;
86b5174a0e6299f0b9fa48e917fb496b-2453b541ba4d85b1530a03ba670122aa-ad7aef052b39e9b29bb983395b6865e5-2e989b6d3f857904984c18bac27a971c,Royal Dutch Shell Public Limited Company,2015,Nigeria,Psc 1993 Opl212oml118 Opl219oml135,Production entitlements,799e6,14732 KBOE at Market price,Payments were reported in USD; Company  -  Royal Dutch Shell Plc  - was replaced by -  Royal Dutch Shell Public Limited Company ; Payment Type  -  ProductionEntitlements  - was replaced by -  Production entitlements ; Project  -  Psc 1993 Opl212oml118 Opl219oml135  - could not be identified;
86b5174a0e6299f0b9fa48e917fb496b-2453b541ba4d85b1530a03ba670122aa-ad7aef052b39e9b29bb983395b6865e5-2e989b6d3f857904984c18bac27a971c,Royal Dutch Shell Public Limited Company,2015,Nigeria,Psc 1993 Opl212oml118 Opl219oml135,Royalties,374e5,703 KBOE at Market price,Payments were reported in USD; Company  -  Royal Dutch Shell Plc  - was replaced by -  Royal Dutch Shell Public Limited Company ; Project  -  Psc 1993 Opl212oml118 Opl219oml135  - could not be identified;
86b5174a0e6299f0b9fa48e917fb496b-2453b541ba4d85b1530a03ba670122aa-ad7aef052b39e9b29bb983395b6865e5-2e989b6d3f857904984c18bac27a971c,Royal Dutch Shell Public Limited Company,2015,Nigeria,Psc 1993 Opl212oml118 Opl219oml135,Taxes,369e6,6996 KBOE at Market price,Payments were reported in USD; Company  -  Royal Dutch Shell Plc  - was replaced by -  Royal Dutch Shell Public Limited Company ; Payment Type  -  Tax  - was replaced by -  Taxes ; Project  -  Psc 1993 Opl212oml118 Opl219oml135  - could not be identified;
86b5174a0e6299f0b9fa48e917fb496b-2453b541ba4d85b1530a03ba670122aa-ad7aef052b39e9b29bb983395b6865e5-2e989b6d3f857904984c18bac27a971c,Royal Dutch Shell Public Limited Company,2015,Nigeria,Spdc East,Production entitlements,159e7,76215 KBOE at Market price,Payments were reported in USD; Company  -  Royal Dutch Shell Plc  - was replaced by -  Royal Dutch Shell Public Limited Company ; Payment Type  -  ProductionEntitlements  - was replaced by -  Production entitlements ; Project  -  Spdc East  - could not be identified;
86b5174a0e6299f0b9fa48e917fb496b-2453b541ba4d85b1530a03ba670122aa-ad7aef052b39e9b29bb983395b6865e5-2e989b6d3f857904984c18bac27a971c,Royal Dutch Shell Public Limited Company,2015,Nigeria,Spdc Shallow Water,Production entitlements,418e6,8068 KBOE at Market price,Payments were reported in USD; Company  -  Royal Dutch Shell Plc  - was replaced by -  Royal Dutch Shell Public Limited Company ; Payment Type  -  ProductionEntitlements  - was replaced by -  Production entitlements ; Project  -  Spdc Shallow Water  - could not be identified;
86b5174a0e6299f0b9fa48e917fb496b-2453b541ba4d85b1530a03ba670122aa-ad7aef052b39e9b29bb983395b6865e5-2e989b6d3f857904984c18bac27a971c,Royal Dutch Shell Public Limited Company,2015,Nigeria,Spdc West,Production entitlements,798e6,15054 KBOE at Market price,Payments were reported in USD; Company  -  Royal Dutch Shell Plc  - was replaced by -  Royal Dutch Shell Public Limited Company ; Payment Type  -  ProductionEntitlements  - was replaced by -  Production entitlements ; Project  -  Spdc West  - could not be identified;
46d75eb8d97fa91b2dcc5dfa02bee446-be869daa255ea5fcf384cb2938457660-61afde35fd362510f53fd408931deb10-dad90651187697dfcbb9b146bd45f8c1,Royal Dutch Shell Public Limited Company,2016,Nigeria,The Shell Petroleum Development Company of Nigeria Limited,Taxes,813e6,NA,Payments were reported in USD; Company  -  Royal Dutch Shell Plc  - was replaced by -  Royal Dutch Shell Public Limited Company ; Payment Type  -  Tax  - was replaced by -  Taxes ;
46d75eb8d97fa91b2dcc5dfa02bee446-be869daa255ea5fcf384cb2938457660-61afde35fd362510f53fd408931deb10-dad90651187697dfcbb9b146bd45f8c1,Royal Dutch Shell Public Limited Company,2016,Nigeria,The Shell Petroleum Development Company of Nigeria Limited,Royalties,128211660,NA,Payments were reported in USD; Company  -  Royal Dutch Shell Plc  - was replaced by -  Royal Dutch Shell Public Limited Company ;
46d75eb8d97fa91b2dcc5dfa02bee446-be869daa255ea5fcf384cb2938457660-61afde35fd362510f53fd408931deb10-dad90651187697dfcbb9b146bd45f8c1,Royal Dutch Shell Public Limited Company,2016,Nigeria,The Shell Petroleum Development Company of Nigeria Limited,Fees,125386960,NA,Payments were reported in USD; Company  -  Royal Dutch Shell Plc  - was replaced by -  Royal Dutch Shell Public Limited Company ;
46d75eb8d97fa91b2dcc5dfa02bee446-be869daa255ea5fcf384cb2938457660-61afde35fd362510f53fd408931deb10-dad90651187697dfcbb9b146bd45f8c1,Royal Dutch Shell Public Limited Company,2016,Nigeria,OPL 209,Taxes,197e5,360 KBOE at Market,Payments were reported in USD; Company  -  Royal Dutch Shell Plc  - was replaced by -  Royal Dutch Shell Public Limited Company ; Payment Type  -  Tax  - was replaced by -  Taxes ; Project  -  Psc 1993 Opl209  - was replaced by -  OPL 209 ;
46d75eb8d97fa91b2dcc5dfa02bee446-be869daa255ea5fcf384cb2938457660-61afde35fd362510f53fd408931deb10-dad90651187697dfcbb9b146bd45f8c1,Royal Dutch Shell Public Limited Company,2016,Nigeria,Psc 1993 Opl212oml118 Opl219oml135,Production entitlements,735106520,16299 KBOE at Market,Payments were reported in USD; Company  -  Royal Dutch Shell Plc  - was replaced by -  Royal Dutch Shell Public Limited Company ; Payment Type  -  ProductionEntitlements  - was replaced by -  Production entitlements ; Project  -  Psc 1993 Opl212oml118 Opl219oml135  - could not be identified;
46d75eb8d97fa91b2dcc5dfa02bee446-be869daa255ea5fcf384cb2938457660-61afde35fd362510f53fd408931deb10-dad90651187697dfcbb9b146bd45f8c1,Royal Dutch Shell Public Limited Company,2016,Nigeria,Psc 1993 Opl212oml118 Opl219oml135,Taxes,347306670,7512 KBOE at Market,Payments were reported in USD; Company  -  Royal Dutch Shell Plc  - was replaced by -  Royal Dutch Shell Public Limited Company ; Payment Type  -  Tax  - was replaced by -  Taxes ; Project  -  Psc 1993 Opl212oml118 Opl219oml135  - could not be identified;
46d75eb8d97fa91b2dcc5dfa02bee446-be869daa255ea5fcf384cb2938457660-61afde35fd362510f53fd408931deb10-dad90651187697dfcbb9b146bd45f8c1,Royal Dutch Shell Public Limited Company,2016,Nigeria,Psc 1993 Opl212oml118 Opl219oml135,Royalties,32501960,735 KBOE at Market,Payments were reported in USD; Company  -  Royal Dutch Shell Plc  - was replaced by -  Royal Dutch Shell Public Limited Company ; Project  -  Psc 1993 Opl212oml118 Opl219oml135  - could not be identified;
46d75eb8d97fa91b2dcc5dfa02bee446-be869daa255ea5fcf384cb2938457660-61afde35fd362510f53fd408931deb10-dad90651187697dfcbb9b146bd45f8c1,Royal Dutch Shell Public Limited Company,2016,Nigeria,Spdc East,Production entitlements,106e7,67300 KBOE at Market,Payments were reported in USD; Company  -  Royal Dutch Shell Plc  - was replaced by -  Royal Dutch Shell Public Limited Company ; Payment Type  -  ProductionEntitlements  - was replaced by -  Production entitlements ; Project  -  Spdc East  - could not be identified;
46d75eb8d97fa91b2dcc5dfa02bee446-be869daa255ea5fcf384cb2938457660-61afde35fd362510f53fd408931deb10-dad90651187697dfcbb9b146bd45f8c1,Royal Dutch Shell Public Limited Company,2016,Nigeria,Spdc Shallow Water,Production entitlements,271e6,6267 KBOE at Market,Payments were reported in USD; Company  -  Royal Dutch Shell Plc  - was replaced by -  Royal Dutch Shell Public Limited Company ; Payment Type  -  ProductionEntitlements  - was replaced by -  Production entitlements ; Project  -  Spdc Shallow Water  - could not be identified;
46d75eb8d97fa91b2dcc5dfa02bee446-be869daa255ea5fcf384cb2938457660-61afde35fd362510f53fd408931deb10-dad90651187697dfcbb9b146bd45f8c1,Royal Dutch Shell Public Limited Company,2016,Nigeria,Spdc West,Production entitlements,111e6,2977 KBOE at Market,Payments were reported in USD; Company  -  Royal Dutch Shell Plc  - was replaced by -  Royal Dutch Shell Public Limited Company ; Payment Type  -  ProductionEntitlements  - was replaced by -  Production entitlements ; Project  -  Spdc West  - could not be identified;
28e96e269bc5b99c840ecf006beb2348,Seplat Petroleum Development Company Public Limited Company,2015,Nigeria,"OML4, OML38, OML41",Fees,595e4,NA,"Payments were reported in USD; Company  -  Seplat Petroleum  - was replaced by -  Seplat Petroleum Development Company Public Limited Company ; Project  -  Oml 4 38 and 41  - was replaced by -  OML4, OML38, OML41 ;"
28e96e269bc5b99c840ecf006beb2348,Seplat Petroleum Development Company Public Limited Company,2015,Nigeria,"OML4, OML38, OML41",Royalties,106e6,NA,"Payments were reported in USD; Company  -  Seplat Petroleum  - was replaced by -  Seplat Petroleum Development Company Public Limited Company ; Project  -  Oml 4 38 and 41  - was replaced by -  OML4, OML38, OML41 ;"
28e96e269bc5b99c840ecf006beb2348,Seplat Petroleum Development Company Public Limited Company,2015,Nigeria,"OML4, OML38, OML41",Production entitlements,574e6,NA,"Payments were reported in USD; Company  -  Seplat Petroleum  - was replaced by -  Seplat Petroleum Development Company Public Limited Company ; Project  -  Oml 4 38 and 41  - was replaced by -  OML4, OML38, OML41 ;"
28e96e269bc5b99c840ecf006beb2348,Seplat Petroleum Development Company Public Limited Company,2015,Nigeria,OML 55,Royalties,527e3,NA,Payments were reported in USD; Company  -  Seplat Petroleum  - was replaced by -  Seplat Petroleum Development Company Public Limited Company ; Project  -  Oml 56  - was replaced by -  OML 55 ;
f149cc6fa37d4a23eebf66612a110510,Seplat Petroleum Development Company Public Limited Company,2016,Nigeria,OML 53,Production entitlements,189e5,NA,Payments were reported in USD; Company  -  Seplat Petroleum Development Company Plc  - was replaced by -  Seplat Petroleum Development Company Public Limited Company ; Project  -  Oml 53  - was replaced by -  OML 53 ;
f149cc6fa37d4a23eebf66612a110510,Seplat Petroleum Development Company Public Limited Company,2016,Nigeria,"OML4, OML38, OML41",Production entitlements,223e6,NA,"Payments were reported in USD; Company  -  Seplat Petroleum Development Company Plc  - was replaced by -  Seplat Petroleum Development Company Public Limited Company ; Project  -  Omls 4 38 and 41  - was replaced by -  OML4, OML38, OML41 ;"
f149cc6fa37d4a23eebf66612a110510,Seplat Petroleum Development Company Public Limited Company,2016,Nigeria,"OML4, OML38, OML41",Royalties,307e5,NA,"Payments were reported in USD; Company  -  Seplat Petroleum Development Company Plc  - was replaced by -  Seplat Petroleum Development Company Public Limited Company ; Project  -  Omls 4 38 and 41  - was replaced by -  OML4, OML38, OML41 ;"
f149cc6fa37d4a23eebf66612a110510,Seplat Petroleum Development Company Public Limited Company,2016,Nigeria,"OML4, OML38, OML41",Fees,25e6,NA,"Payments were reported in USD; Company  -  Seplat Petroleum Development Company Plc  - was replaced by -  Seplat Petroleum Development Company Public Limited Company ; Project  -  Omls 4 38 and 41  - was replaced by -  OML4, OML38, OML41 ;"
be52ec42cf730df4d9b3e70faa359e32,Seplat Petroleum Development Company Public Limited Company,2017,Nigeria,OML 53,Production entitlements,317e5,NA,Payments were reported in USD; Company  -  Seplat Petroleum Development Company Plc  - was replaced by -  Seplat Petroleum Development Company Public Limited Company ; Project  -  Oml 53  - was replaced by -  OML 53 ;
be52ec42cf730df4d9b3e70faa359e32,Seplat Petroleum Development Company Public Limited Company,2017,Nigeria,OML 53,Royalties,484e4,NA,Payments were reported in USD; Company  -  Seplat Petroleum Development Company Plc  - was replaced by -  Seplat Petroleum Development Company Public Limited Company ; Project  -  Oml 53  - was replaced by -  OML 53 ;
be52ec42cf730df4d9b3e70faa359e32,Seplat Petroleum Development Company Public Limited Company,2017,Nigeria,OML 53,Fees,58300,NA,Payments were reported in USD; Company  -  Seplat Petroleum Development Company Plc  - was replaced by -  Seplat Petroleum Development Company Public Limited Company ; Project  -  Oml 53  - was replaced by -  OML 53 ;
be52ec42cf730df4d9b3e70faa359e32,Seplat Petroleum Development Company Public Limited Company,2017,Nigeria,OPL 238,Royalties,337e3,NA,Payments were reported in USD; Company  -  Seplat Petroleum Development Company Plc  - was replaced by -  Seplat Petroleum Development Company Public Limited Company ; Project  -  Opl 283  - was replaced by -  OPL 238 ;
be52ec42cf730df4d9b3e70faa359e32,Seplat Petroleum Development Company Public Limited Company,2017,Nigeria,"OML4, OML38, OML41",Production entitlements,45e7,NA,"Payments were reported in USD; Company  -  Seplat Petroleum Development Company Plc  - was replaced by -  Seplat Petroleum Development Company Public Limited Company ; Project  -  Oml 4 38 and 41  - was replaced by -  OML4, OML38, OML41 ;"
be52ec42cf730df4d9b3e70faa359e32,Seplat Petroleum Development Company Public Limited Company,2017,Nigeria,"OML4, OML38, OML41",Royalties,276e5,NA,"Payments were reported in USD; Company  -  Seplat Petroleum Development Company Plc  - was replaced by -  Seplat Petroleum Development Company Public Limited Company ; Project  -  Oml 4 38 and 41  - was replaced by -  OML4, OML38, OML41 ;"
be52ec42cf730df4d9b3e70faa359e32,Seplat Petroleum Development Company Public Limited Company,2017,Nigeria,"OML4, OML38, OML41",Fees,455e4,NA,"Payments were reported in USD; Company  -  Seplat Petroleum Development Company Plc  - was replaced by -  Seplat Petroleum Development Company Public Limited Company ; Project  -  Oml 4 38 and 41  - was replaced by -  OML4, OML38, OML41 ;"
85537553dec0c6decaf26488cc28a163,Statoil ASA,2014,Nigeria,Statoil Nigeria AS,Taxes,50938905.138000004,NA,Converted to USD from  NOK at the rate : 0.158688178; Company  -  Statoil  - was replaced by -  Statoil ASA ; Project  -  Statoil Nigeria as  - was replaced by -  Statoil Nigeria AS ;
85537553dec0c6decaf26488cc28a163,Statoil ASA,2014,Nigeria,Statoil Nigeria Limited,Taxes,468130125.1,NA,Converted to USD from  NOK at the rate : 0.158688178; Company  -  Statoil  - was replaced by -  Statoil ASA ; Project  -  Statoil Nigeria Ltd  - was replaced by -  Statoil Nigeria Limited ;
85537553dec0c6decaf26488cc28a163,Statoil ASA,2014,Nigeria,Agbami,Fees,57127744.080000006,NA,Converted to USD from  NOK at the rate : 0.158688178; Company  -  Statoil  - was replaced by -  Statoil ASA ;
85537553dec0c6decaf26488cc28a163,Statoil ASA,2014,Nigeria,Agbami,Production entitlements,296746892.86,3 mmboe,Converted to USD from  NOK at the rate : 0.158688178; Company  -  Statoil  - was replaced by -  Statoil ASA ; Payment Type  -  Productionentitlements  - was replaced by -  Production entitlements ;
ef81b28e1167774e76c6be363bdcdb7a,Statoil ASA,2015,Nigeria,Statoil Nigeria AS,Taxes,-28025214.524,NA,Converted to USD from  NOK at the rate : 0.124005374; Company  -  Statoil  - was replaced by -  Statoil ASA ; Project  -  Statoil Nigeria as  - was replaced by -  Statoil Nigeria AS ;
ef81b28e1167774e76c6be363bdcdb7a,Statoil ASA,2015,Nigeria,Statoil Nigeria Limited,Taxes,213289243.28,NA,Converted to USD from  NOK at the rate : 0.124005374; Company  -  Statoil  - was replaced by -  Statoil ASA ; Project  -  Statoil Nigeria Ltd  - was replaced by -  Statoil Nigeria Limited ;
ef81b28e1167774e76c6be363bdcdb7a,Statoil ASA,2015,Nigeria,Agbami,Fees,59770590.268,NA,Converted to USD from  NOK at the rate : 0.124005374; Company  -  Statoil  - was replaced by -  Statoil ASA ;
ef81b28e1167774e76c6be363bdcdb7a,Statoil ASA,2015,Nigeria,Agbami,Production entitlements,117681099.926,2.284861 mmboe,Converted to USD from  NOK at the rate : 0.124005374; Company  -  Statoil  - was replaced by -  Statoil ASA ; Payment Type  -  Productionentitlements  - was replaced by -  Production entitlements ;
385d5139d94192ea99605515d0aa0e43,Statoil ASA,2016,Nigeria,Statoil Nigeria Limited,Taxes,194e6,NA,Payments were reported in USD; Company  -  Statoil  - was replaced by -  Statoil ASA ; Project  -  Statoil Nigeria Ltd  - was replaced by -  Statoil Nigeria Limited ;
385d5139d94192ea99605515d0aa0e43,Statoil ASA,2016,Nigeria,Agbami,Fees,484e5,NA,Payments were reported in USD; Company  -  Statoil  - was replaced by -  Statoil ASA ;
385d5139d94192ea99605515d0aa0e43,Statoil ASA,2016,Nigeria,Agbami,Production entitlements,104e6,2.483672 mmboe,Payments were reported in USD; Company  -  Statoil  - was replaced by -  Statoil ASA ; Payment Type  -  Productionentitlements  - was replaced by -  Production entitlements ;
675e2d0f40a6ba5d14e4ad90acb993b9,Statoil ASA,2017,Nigeria,Statoil Nigeria Limited,Taxes,282e6,NA,Payments were reported in USD; Company  -  Statoil  - was replaced by -  Statoil ASA ; Project  -  Statoil Nigeria Ltd  - was replaced by -  Statoil Nigeria Limited ;
675e2d0f40a6ba5d14e4ad90acb993b9,Statoil ASA,2017,Nigeria,Agbami,Fees,363e5,NA,Payments were reported in USD; Company  -  Statoil  - was replaced by -  Statoil ASA ;
675e2d0f40a6ba5d14e4ad90acb993b9,Statoil ASA,2017,Nigeria,Agbami,Production entitlements,15e7,NA,Payments were reported in USD; Company  -  Statoil  - was replaced by -  Statoil ASA ; Payment Type  -  Government Entitlements  - was replaced by -  Production entitlements ;
23a2c40023bbd2e2b9d9923b67240f22,Total S.A.,2017,Nigeria,Joint Ventures with Nnpc Non Operated Nonattributable,Taxes,614e5,NA,Payments were reported in USD; Company  -  Total  - was replaced by -  Total S.A. ; Project  -  Joint Ventures with Nnpc Non Operated Nonattributable  - could not be identified;
23a2c40023bbd2e2b9d9923b67240f22,Total S.A.,2017,Nigeria,OML 58,Taxes,286e5,NA,Payments were reported in USD; Company  -  Total  - was replaced by -  Total S.A. ; Project  -  Oml58 Joint Venture with Nnpc Operated  - was replaced by -  OML 58 ;
23a2c40023bbd2e2b9d9923b67240f22,Total S.A.,2017,Nigeria,OML 99,Taxes,323e5,NA,Payments were reported in USD; Company  -  Total  - was replaced by -  Total S.A. ; Project  -  Oml99 Joint Venture with Nnpc Operated  - was replaced by -  OML 99 ;
23a2c40023bbd2e2b9d9923b67240f22,Total S.A.,2017,Nigeria,OML 100,Taxes,214e5,NA,Payments were reported in USD; Company  -  Total  - was replaced by -  Total S.A. ; Project  -  Oml100 Joint Venture with Nnpc Operated  - was replaced by -  OML 100 ;
23a2c40023bbd2e2b9d9923b67240f22,Total S.A.,2017,Nigeria,OML 102,Taxes,103e6,NA,Payments were reported in USD; Company  -  Total  - was replaced by -  Total S.A. ; Project  -  Oml102 Joint Venture with Nnpc Operated  - was replaced by -  OML 102 ;
23a2c40023bbd2e2b9d9923b67240f22,Total S.A.,2017,Nigeria,OML 102,Taxes,855e4,NA,Payments were reported in USD; Company  -  Total  - was replaced by -  Total S.A. ; Project  -  Oml102 Ekanga Joint Venture with Nnpc Non Operated  - was replaced by -  OML 102 ;
23a2c40023bbd2e2b9d9923b67240f22,Total S.A.,2017,Nigeria,OML 130,Taxes,314e4,NA,Payments were reported in USD; Company  -  Total  - was replaced by -  Total S.A. ; Project  -  Oml130 Psa Akpo Egina  - was replaced by -  OML 130 ;
23a2c40023bbd2e2b9d9923b67240f22,Total S.A.,2017,Nigeria,OML 118,Taxes,105e6,NA,Payments were reported in USD; Company  -  Total  - was replaced by -  Total S.A. ; Project  -  Oml118 Bonga  - was replaced by -  OML 118 ;
23a2c40023bbd2e2b9d9923b67240f22,Total S.A.,2017,Nigeria,OML 138,Taxes,264e5,NA,Payments were reported in USD; Company  -  Total  - was replaced by -  Total S.A. ; Project  -  Oml138 Usan  - was replaced by -  OML 138 ;
23a2c40023bbd2e2b9d9923b67240f22,Total S.A.,2017,Nigeria,Nonattributable,Taxes,225e6,"This amount includes $367 million which reduce the tax liability in accordance with the provisions of the Modified Carry Agreement (MCA). Under the MCA, Total E&P Nigeria (a) is entitled to recover 85% of the Carry Capital Cost through claims of capital allowance, described in the MCA as share of crude oil produced.",Payments were reported in USD; Company  -  Total  - was replaced by -  Total S.A. ; Project  -  Nonattributable  - could not be identified;
23a2c40023bbd2e2b9d9923b67240f22,Total S.A.,2017,Nigeria,Joint Ventures with Nnpc Operated Nonattributable,Fees,23e5,NA,Payments were reported in USD; Company  -  Total  - was replaced by -  Total S.A. ; Payment Type  -  License fees  - was replaced by -  Fees ; Project  -  Joint Ventures with Nnpc Operated Nonattributable  - could not be identified;
23a2c40023bbd2e2b9d9923b67240f22,Total S.A.,2017,Nigeria,Joint Ventures with Nnpc Non Operated Nonattributable,Fees,47e3,NA,Payments were reported in USD; Company  -  Total  - was replaced by -  Total S.A. ; Payment Type  -  License fees  - was replaced by -  Fees ; Project  -  Joint Ventures with Nnpc Non Operated Nonattributable  - could not be identified;
23a2c40023bbd2e2b9d9923b67240f22,Total S.A.,2017,Nigeria,OML 130,Fees,318e3,NA,Payments were reported in USD; Company  -  Total  - was replaced by -  Total S.A. ; Payment Type  -  License fees  - was replaced by -  Fees ; Project  -  Oml130  - was replaced by -  OML 130 ;
23a2c40023bbd2e2b9d9923b67240f22,Total S.A.,2017,Nigeria,OML 138,Fees,3e3,NA,Payments were reported in USD; Company  -  Total  - was replaced by -  Total S.A. ; Payment Type  -  License fees  - was replaced by -  Fees ; Project  -  Oml138 Usan  - was replaced by -  OML 138 ;
23a2c40023bbd2e2b9d9923b67240f22,Total S.A.,2017,Nigeria,Joint Ventures with Nnpc Operated Nonattributable,Payments for infrastructure improvements,141e5,NA,Payments were reported in USD; Company  -  Total  - was replaced by -  Total S.A. ; Payment Type  -  Infrastructure Improvements  - was replaced by -  Payments for infrastructure improvements ; Project  -  Joint Ventures with Nnpc Operated Nonattributable  - could not be identified;
23a2c40023bbd2e2b9d9923b67240f22,Total S.A.,2017,Nigeria,Joint Ventures with Nnpc Non Operated Nonattributable,Payments for infrastructure improvements,864e4,NA,Payments were reported in USD; Company  -  Total  - was replaced by -  Total S.A. ; Payment Type  -  Infrastructure Improvements  - was replaced by -  Payments for infrastructure improvements ; Project  -  Joint Ventures with Nnpc Non Operated Nonattributable  - could not be identified;
23a2c40023bbd2e2b9d9923b67240f22,Total S.A.,2017,Nigeria,OML 130,Payments for infrastructure improvements,188e5,NA,Payments were reported in USD; Company  -  Total  - was replaced by -  Total S.A. ; Payment Type  -  Infrastructure Improvements  - was replaced by -  Payments for infrastructure improvements ; Project  -  Oml130 Psa Akpo Egina  - was replaced by -  OML 130 ;
23a2c40023bbd2e2b9d9923b67240f22,Total S.A.,2017,Nigeria,OML 118,Payments for infrastructure improvements,419e4,NA,Payments were reported in USD; Company  -  Total  - was replaced by -  Total S.A. ; Payment Type  -  Infrastructure Improvements  - was replaced by -  Payments for infrastructure improvements ; Project  -  Oml118 Bonga  - was replaced by -  OML 118 ;
23a2c40023bbd2e2b9d9923b67240f22,Total S.A.,2017,Nigeria,OML 138,Payments for infrastructure improvements,496e3,NA,Payments were reported in USD; Company  -  Total  - was replaced by -  Total S.A. ; Payment Type  -  Infrastructure Improvements  - was replaced by -  Payments for infrastructure improvements ; Project  -  Oml138 Usan  - was replaced by -  OML 138 ;
23a2c40023bbd2e2b9d9923b67240f22,Total S.A.,2017,Nigeria,OML 118,Production entitlements,488e6,NA,Payments were reported in USD; Company  -  Total  - was replaced by -  Total S.A. ; Payment Type  -  Production Entitlements  - was replaced by -  Production entitlements ; Project  -  Oml118 Bonga  - was replaced by -  OML 118 ;
42dc83829b43976edc5740aa05647ef4,Total S.A.,2015,Nigeria,Joint Ventures with Nnpc Non Operated Nonattributable,Fees,182e3,License Fees,Payments were reported in USD; Company  -  Total Sa  - was replaced by -  Total S.A. ; Project  -  Joint Ventures with Nnpc Non Operated Nonattributable  - could not be identified;
42dc83829b43976edc5740aa05647ef4,Total S.A.,2015,Nigeria,Joint Ventures with Nnpc Non Operated Nonattributable,Taxes,133e6,NA,Payments were reported in USD; Company  -  Total Sa  - was replaced by -  Total S.A. ; Project  -  Joint Ventures with Nnpc Non Operated Nonattributable  - could not be identified;
42dc83829b43976edc5740aa05647ef4,Total S.A.,2015,Nigeria,Joint Ventures with Nnpc Operated Nonattributable,Fees,375e4,License Fees,Payments were reported in USD; Company  -  Total Sa  - was replaced by -  Total S.A. ; Project  -  Joint Ventures with Nnpc Operated Nonattributable  - could not be identified;
42dc83829b43976edc5740aa05647ef4,Total S.A.,2015,Nigeria,Joint Ventures with Nnpc Operated Nonattributable,Taxes,162e5,NA,Payments were reported in USD; Company  -  Total Sa  - was replaced by -  Total S.A. ; Project  -  Joint Ventures with Nnpc Operated Nonattributable  - could not be identified;
42dc83829b43976edc5740aa05647ef4,Total S.A.,2015,Nigeria,Joint Ventures with Nnpc Operated Nonattributable,Payments for infrastructure improvements,461e5,NA,Payments were reported in USD; Company  -  Total Sa  - was replaced by -  Total S.A. ; Payment Type  -  Infrastructure  - was replaced by -  Payments for infrastructure improvements ; Project  -  Joint Ventures with Nnpc Operated Nonattributable  - could not be identified;
42dc83829b43976edc5740aa05647ef4,Total S.A.,2015,Nigeria,Nonattributable,Taxes,331e6,NA,Payments were reported in USD; Company  -  Total Sa  - was replaced by -  Total S.A. ; Project  -  Nonattributable  - could not be identified;
42dc83829b43976edc5740aa05647ef4,Total S.A.,2015,Nigeria,OML 100,Taxes,238e5,NA,Payments were reported in USD; Company  -  Total Sa  - was replaced by -  Total S.A. ; Project  -  Oml100 Joint Venture with Nnpc Operated  - was replaced by -  OML 100 ;
42dc83829b43976edc5740aa05647ef4,Total S.A.,2015,Nigeria,OML 102,Taxes,294e5,NA,Payments were reported in USD; Company  -  Total Sa  - was replaced by -  Total S.A. ; Project  -  Oml102 Joint Venture with Nnpc Operated  - was replaced by -  OML 102 ;
42dc83829b43976edc5740aa05647ef4,Total S.A.,2015,Nigeria,OML 102,Taxes,154e5,NA,Payments were reported in USD; Company  -  Total Sa  - was replaced by -  Total S.A. ; Project  -  Oml102 Ekanga Joint Venture with Nnpc Non Operated  - was replaced by -  OML 102 ;
42dc83829b43976edc5740aa05647ef4,Total S.A.,2015,Nigeria,OML 118,Production entitlements,59e6,NA,Payments were reported in USD; Company  -  Total Sa  - was replaced by -  Total S.A. ; Project  -  Oml118 Bonga  - was replaced by -  OML 118 ;
42dc83829b43976edc5740aa05647ef4,Total S.A.,2015,Nigeria,OML 118,Taxes,924e5,NA,Payments were reported in USD; Company  -  Total Sa  - was replaced by -  Total S.A. ; Project  -  Oml118 Bonga  - was replaced by -  OML 118 ;
42dc83829b43976edc5740aa05647ef4,Total S.A.,2015,Nigeria,OML 130,Fees,152e4,License Fees,Payments were reported in USD; Company  -  Total Sa  - was replaced by -  Total S.A. ; Project  -  Oml130  - was replaced by -  OML 130 ;
42dc83829b43976edc5740aa05647ef4,Total S.A.,2015,Nigeria,OML 130,Payments for infrastructure improvements,534e5,NA,Payments were reported in USD; Company  -  Total Sa  - was replaced by -  Total S.A. ; Payment Type  -  Infrastructure  - was replaced by -  Payments for infrastructure improvements ; Project  -  Oml130 Psa Akpo Egina  - was replaced by -  OML 130 ;
42dc83829b43976edc5740aa05647ef4,Total S.A.,2015,Nigeria,OML 130,Taxes,109e6,NA,Payments were reported in USD; Company  -  Total Sa  - was replaced by -  Total S.A. ; Project  -  Oml130 Psa Akpo Egina  - was replaced by -  OML 130 ;
42dc83829b43976edc5740aa05647ef4,Total S.A.,2015,Nigeria,OML 138,Taxes,32e6,NA,Payments were reported in USD; Company  -  Total Sa  - was replaced by -  Total S.A. ; Project  -  Oml138 Usan  - was replaced by -  OML 138 ;
42dc83829b43976edc5740aa05647ef4,Total S.A.,2015,Nigeria,OML 58,Taxes,308e5,NA,Payments were reported in USD; Company  -  Total Sa  - was replaced by -  Total S.A. ; Project  -  Oml58 Joint Venture with Nnpc Operated  - was replaced by -  OML 58 ;
42dc83829b43976edc5740aa05647ef4,Total S.A.,2015,Nigeria,OML 99,Taxes,414e5,NA,Payments were reported in USD; Company  -  Total Sa  - was replaced by -  Total S.A. ; Project  -  Oml99 Joint Venture with Nnpc Operated  - was replaced by -  OML 99 ;
42dc83829b43976edc5740aa05647ef4,Total S.A.,2015,Nigeria,OPL 223,Payments for infrastructure improvements,39e4,NA,Payments were reported in USD; Company  -  Total Sa  - was replaced by -  Total S.A. ; Payment Type  -  Infrastructure  - was replaced by -  Payments for infrastructure improvements ; Project  -  Opl223  - was replaced by -  OPL 223 ;
42dc83829b43976edc5740aa05647ef4,Total S.A.,2015,Nigeria,OPL 285,Fees,173e3,License Fees,Payments were reported in USD; Company  -  Total Sa  - was replaced by -  Total S.A. ; Project  -  Opl285  - was replaced by -  OPL 285 ;
425bb8f6b5b6aa7b302aa240ba297ce2,Total S.A.,2016,Nigeria,Joint Ventures with Nnpc Operated Nonattributable,Taxes,101e5,NA,Payments were reported in USD; Company  -  Total Sa  - was replaced by -  Total S.A. ; Project  -  Joint Ventures with Nnpc Operated Nonattributable  - could not be identified;
425bb8f6b5b6aa7b302aa240ba297ce2,Total S.A.,2016,Nigeria,Joint Ventures with Nnpc Operated Nonattributable,Fees,233e4,NA,Payments were reported in USD; Company  -  Total Sa  - was replaced by -  Total S.A. ; Project  -  Joint Ventures with Nnpc Operated Nonattributable  - could not be identified;
425bb8f6b5b6aa7b302aa240ba297ce2,Total S.A.,2016,Nigeria,Joint Ventures with Nnpc Operated Nonattributable,Payments for infrastructure improvements,709e4,NA,Payments were reported in USD; Company  -  Total Sa  - was replaced by -  Total S.A. ; Payment Type  -  Infrastructureimprovements  - was replaced by -  Payments for infrastructure improvements ; Project  -  Joint Ventures with Nnpc Operated Nonattributable  - could not be identified;
425bb8f6b5b6aa7b302aa240ba297ce2,Total S.A.,2016,Nigeria,Joint Ventures with Nnpc Non Operated Nonattributable,Taxes,104e6,NA,Payments were reported in USD; Company  -  Total Sa  - was replaced by -  Total S.A. ; Project  -  Joint Ventures with Nnpc Non Operated Nonattributable  - could not be identified;
425bb8f6b5b6aa7b302aa240ba297ce2,Total S.A.,2016,Nigeria,Joint Ventures with Nnpc Non Operated Nonattributable,Fees,59e3,NA,Payments were reported in USD; Company  -  Total Sa  - was replaced by -  Total S.A. ; Project  -  Joint Ventures with Nnpc Non Operated Nonattributable  - could not be identified;
425bb8f6b5b6aa7b302aa240ba297ce2,Total S.A.,2016,Nigeria,OML 58,Taxes,144e5,NA,Payments were reported in USD; Company  -  Total Sa  - was replaced by -  Total S.A. ; Project  -  Oml58 Joint Venture with Nnpc Operated  - was replaced by -  OML 58 ;
425bb8f6b5b6aa7b302aa240ba297ce2,Total S.A.,2016,Nigeria,OML 99,Taxes,256e5,NA,Payments were reported in USD; Company  -  Total Sa  - was replaced by -  Total S.A. ; Project  -  Oml99 Joint Venture with Nnpc Operated  - was replaced by -  OML 99 ;
425bb8f6b5b6aa7b302aa240ba297ce2,Total S.A.,2016,Nigeria,OML 100,Taxes,17e6,NA,Payments were reported in USD; Company  -  Total Sa  - was replaced by -  Total S.A. ; Project  -  Oml100 Joint Venture with Nnpc Operated  - was replaced by -  OML 100 ;
425bb8f6b5b6aa7b302aa240ba297ce2,Total S.A.,2016,Nigeria,OML 102,Taxes,512e5,NA,Payments were reported in USD; Company  -  Total Sa  - was replaced by -  Total S.A. ; Project  -  Oml102 Joint Venture with Nnpc Operated  - was replaced by -  OML 102 ;
425bb8f6b5b6aa7b302aa240ba297ce2,Total S.A.,2016,Nigeria,OML 102,Taxes,105e5,NA,Payments were reported in USD; Company  -  Total Sa  - was replaced by -  Total S.A. ; Project  -  Oml102 Ekanga Joint Venture with Nnpc Non Operated  - was replaced by -  OML 102 ;
425bb8f6b5b6aa7b302aa240ba297ce2,Total S.A.,2016,Nigeria,OML 130,Fees,151e4,NA,Payments were reported in USD; Company  -  Total Sa  - was replaced by -  Total S.A. ; Project  -  Oml130  - was replaced by -  OML 130 ;
425bb8f6b5b6aa7b302aa240ba297ce2,Total S.A.,2016,Nigeria,OML 130,Taxes,192e5,NA,Payments were reported in USD; Company  -  Total Sa  - was replaced by -  Total S.A. ; Project  -  Oml130 Psa Akpo Egina  - was replaced by -  OML 130 ;
425bb8f6b5b6aa7b302aa240ba297ce2,Total S.A.,2016,Nigeria,OML 130,Payments for infrastructure improvements,304e5,NA,Payments were reported in USD; Company  -  Total Sa  - was replaced by -  Total S.A. ; Payment Type  -  Infrastructureimprovements  - was replaced by -  Payments for infrastructure improvements ; Project  -  Oml130 Psa Akpo Egina  - was replaced by -  OML 130 ;
425bb8f6b5b6aa7b302aa240ba297ce2,Total S.A.,2016,Nigeria,OML 118,Taxes,83e6,NA,Payments were reported in USD; Company  -  Total Sa  - was replaced by -  Total S.A. ; Project  -  Oml118 Bonga  - was replaced by -  OML 118 ;
425bb8f6b5b6aa7b302aa240ba297ce2,Total S.A.,2016,Nigeria,OML 118,Production entitlements,494e5,NA,Payments were reported in USD; Company  -  Total Sa  - was replaced by -  Total S.A. ; Payment Type  -  Productionentitlements  - was replaced by -  Production entitlements ; Project  -  Oml118 Bonga  - was replaced by -  OML 118 ;
425bb8f6b5b6aa7b302aa240ba297ce2,Total S.A.,2016,Nigeria,OML 138,Taxes,258e5,NA,Payments were reported in USD; Company  -  Total Sa  - was replaced by -  Total S.A. ; Project  -  Oml138 Usan  - was replaced by -  OML 138 ;
425bb8f6b5b6aa7b302aa240ba297ce2,Total S.A.,2016,Nigeria,Nonattributable,Taxes,235e6,NA,Payments were reported in USD; Company  -  Total Sa  - was replaced by -  Total S.A. ; Project  -  Nonattributable  - could not be identified;
