Year,Company,Country,Government entity,Level ,Payment Type,Currency,Value 
2015,Hunting Plc,United States of America,State of Montana,country,Royalties,USD,"1,889"
2015,Hunting Plc,United States of America,State of Mississippi,country,Tax,USD,79
2015,Total Sa,United Arab Emirates,Abu Dhabi Fiscal Authorities,country,Tax,USD,"2,965,548,000"
2015,Total Sa,United Arab Emirates,Abu Dhabi Fiscal Authorities,country,Bonuses,USD,"2,220,000,000"
2015,Total Sa,Angola,"Sonangol, E.P.",country,Production Entitlements,USD,"1,648,069,000"
2015,Total Sa,United Arab Emirates,Abu Dhabi Fiscal Authorities c/o Abu Dhabi Marine Areas Ltd,country,Tax,USD,"1,433,960,000"
2015,Total Sa,Indonesia,Satuan Khusus Kegiatan Usaha Hulu Minyak dan Gas Bumi (SKK Migas),country,Production Entitlements,USD,"857,611,000"
2015,Total Sa,Norway,Norwegian Tax Administration,country,Tax,USD,"837,188,000"
2015,Total Sa,Angola,Caixa do Tesouro Nacional,country,Tax,USD,"804,228,000"
2015,Total Sa,Qatar,Qatar Petroleum,country,Production Entitlements,USD,"603,365,000"
2015,Vedanta Resources,India,"Ministry of Finance, Government of India",country,Tax,USD,"585,790,000"
2015,Seplat Petroleum,Nigeria,Nigerian National Petroleum Corporation,country,Production Entitlements,USD,"573,690,618"
2015,Vedanta Resources,India,"Ministry of Petroleum and Natural Gas, Government of India",country,Production Entitlements,USD,"551,830,000"
2015,Total Sa,Congo,Ministère des hydrocarbures,country,Tax,USD,"405,756,000"
2015,Total Sa,Indonesia,"Directorate General of Taxation, Ministry of Finance",country,Tax,USD,"402,803,000"
2015,Total Sa,Nigeria,Federal Inland Revenue Service,country,Tax,USD,"389,700,000"
2015,Vedanta Resources,India,"Ministry of Finance, Central Board of Direct Taxes, Government of India",country,Tax,USD,"386,070,000"
2015,Vedanta Resources,India,"Director Petroleum, Rajasthan State Govt",country,Royalties,USD,"350,260,000"
2015,Total Sa,Nigeria,"Department of Petroleum Resources, Federal Government of Nigeria",country,Tax,USD,"273,177,000"
2015,Total Sa,Oman,Oman Ministry of Finance,country,Tax,USD,"252,720,000"
2015,Total Sa,Thailand,Revenue Department,country,Tax,USD,"242,865,000"
2015,Total Sa,Qatar,Qatar Ministry of Finance,country,Tax,USD,"214,131,000"
2015,Total Sa,Algeria,Sonatrach,country,Production Entitlements,USD,"209,142,000"
2015,Total Sa,Libya,National Oil Corporation,country,Production Entitlements,USD,"203,176,000"
2015,Total Sa,Gabon,Trésor Public Gabonais,country,Tax,USD,"189,653,000"
2015,Total Sa,Gabon,République du Gabon,country,Tax,USD,"156,552,000"
2015,Jardine Matheson Holdings Ltd,Indonesia,State Treasury (Kas Negara),country,Tax,USD,"139,139,056"
2015,Total Sa,United Kingdom of Great Britain and Northern Ireland,HM Revenue & Custom,country,Tax,USD,"123,800,000"
2015,Total Sa,"Bolivia, Plurinational State of",Servicio de Impuestos Nacionales (SIN) c/o YPFB,country,Tax,USD,"122,740,000"
2015,Acacia Mining,"Tanzania, United Republic of",Tanzania,country,Tax,USD,"47,826,000"
2015,Petropavlovsk Plc,Russian Federation,Regional - Amur Region,country,Tax,USD,"47,493,000"
2015,Total Sa,United Arab Emirates,Supreme Petroleum Council – Government of Abu Dhabi,country,Tax,USD,"44,240,000"
2015,Total Sa,Myanmar,Myanmar Ministry of Finance,country,Tax,USD,"39,037,000"
2015,Acacia Mining,"Tanzania, United Republic of",Tanzania,country,Royalties,USD,"38,059,000"
2015,Total Sa,Thailand,Ministry Of Energy,country,Bonuses,USD,"37,352,000"
2015,Premier Oil Plc,Viet Nam,HCM Tax Department,country,Tax,USD,"36,685,000"
2015,Premier Oil Plc,Indonesia,Directorate General of Taxes,country,Tax,USD,"34,616,000"
2015,Total Sa,Congo,Trésor Public,country,Tax,USD,"34,086,000"
2015,Gem Diamonds Ltd,Lesotho,Lesotho Revenue Authority,country,Tax,USD,"30,735,000"
2015,Genel Energy Plc,Iraq,Kurdistan Region of Iraq,country,Fees,USD,"25,000,000"
2015,Randgold Resources,Mali,Ministère des Domaines de l'Etat et des Affaires Foncières - Direction Nationale Domains et Cadastre,country,Royalties,USD,"21,422,034"
2015,Total Sa,Qatar,Qatar Petroleum,country,Infrastructure,USD,"21,136,000"
2015,Total Sa,Kazakhstan,Government of the Republic of Kazakhstan,country,Bonuses,USD,"20,172,000"
2015,Total Sa,Angola,Ministério dos Petróleos,country,Fees,USD,"19,260,000"
2015,Total Sa,Argentina,Provincia del Tierra del Fuego,country,Tax,USD,"18,376,000"
2015,Petropavlovsk Plc,Russian Federation,Federal,country,Tax,USD,"17,134,000"
2015,Total Sa,China,China National Petroleum Company,country,Production Entitlements,USD,"16,833,000"
2015,Centamin Plc,Egypt,Egypt,country,Royalties,USD,"15,836,592"
2015,Jardine Matheson Holdings Ltd,Indonesia,State Treasury (Kas Negara),country,Royalties,USD,"15,543,610"
2015,Total Sa,Angola,"Sonangol, E.P.",country,Infrastructure,USD,"13,586,000"
2015,Total Sa,Oman,Oman Ministry of Oil and Gas,country,Production Entitlements,USD,"13,437,000"
2015,Premier Oil Plc,Pakistan,Federal Board of Revenue,country,Tax,USD,"12,266,000"
2015,Total Sa,Gabon,République du Gabon,country,Dividends,USD,"11,250,000"
2015,Randgold Resources,Mali,Ministère des Domaines de l'Etat et des Affaires Foncières - Direction Nationale Domains et Cadastre,country,Dividends,USD,"10,256,728"
2015,Vedanta Resources,India,"Ministry of Petroleum and Natural Gas, Government of India",country,Royalties,USD,"10,210,000"
2015,Total Sa,Netherlands,Belastingdienst Nederland,country,Tax,USD,"10,172,000"
2015,Vedanta Resources,India,Vishakhapatnam Port Trust,country,Royalties,USD,"9,910,000"
2015,Petrofac,Tunisia,Monsieur le Receveur des Finances du Lac,country,Tax,USD,"9,910,000"
2015,Petrofac,Malaysia,PETRONAS,country,Royalties,USD,"9,825,000"
2015,Total Sa,Kazakhstan,Atyrau region c/o North Caspian Operating Company b.v.,country,Infrastructure,USD,"8,864,000"
2015,Vedanta Resources,India,"Director Mines, Goa",country,Royalties,USD,"8,820,000"
2015,Total Sa,Yemen,Ministry of Oil & Minerals,country,Tax,USD,"8,573,000"
2015,Acacia Mining,"Tanzania, United Republic of",Tanzania,country,Tax,USD,"7,487,000"
2015,Premier Oil Plc,Viet Nam,HCM Tax Department,country,Royalties,USD,"7,355,000"
2015,Total Sa,China,China National Petroleum Company,country,Tax,USD,"7,313,000"
2015,Total Sa,United Kingdom of Great Britain and Northern Ireland,Department of Energy & Climate Change,country,Fees,USD,"6,540,000"
2015,Randgold Resources,Cote d'Ivoire,Ministère du Budget et du Portefeuille de l'Etat - Receveur des Domaines d'Abidjan,country,Royalties,USD,"6,446,036"
2015,Total Sa,Gabon,Direction Générale des Hydrocarbures,country,Fees,USD,"5,687,000"
2015,Gem Diamonds Ltd,Australia,Office of State Revenue,country,Other,USD,"4,934,000"
2015,Total Sa,Nigeria,Department of Petroleum Resources c/o Nigerian National Petroleum Corporation,country,Tax,USD,"4,729,000"
2015,Total Sa,United States of America,Bureau of Ocean Energy Management,country,Fees,USD,"4,600,000"
2015,Premier Oil Plc,United Kingdom of Great Britain and Northern Ireland,HM Revenue & Customs,country,Tax,USD,"3,951,000"
2015,Jardine Matheson Holdings Ltd,Indonesia,State Treasury (Kas Negara),country,Fees,USD,"3,643,236"
2015,Total Sa,"Bolivia, Plurinational State of",Departamentos c/o YPFB,country,Tax,USD,"69,041,000"
2015,Polymetal Intl Plc,Russian Federation,Russia,country,Fees,USD,"3,609,000"
2015,Total Sa,United States of America,Bureau of Ocean Energy Management,country,Bonuses,USD,"3,600,000"
2015,Polymetal Intl Plc,Russian Federation,Russia,country,Tax,USD,"114,285,000"
2015,Total Sa,Argentina,Provincia del Tierra del Fuego,country,Fees,USD,"3,138,000"
2015,Total Sa,United States of America,Tarrant County Tax Assessor,country,Tax,USD,"3,003,000"
2015,Total Sa,Nigeria,Niger Delta Development Commission,country,Infrastructure,USD,"99,897,000"
2015,Total Sa,Egypt,Egyptian Natural Gas Holding Company,country,Bonuses,USD,"3,000,000"
2015,Total Sa,Nigeria,Nigerian National Petroleum Corporation,country,Tax,USD,"98,645,000"
2015,Petrofac,Tunisia,Monsieur le Receveur des Finances du Lac,country,Royalties,USD,"2,674,000"
2015,Ophir Energy Plc,Thailand,Thailand,country,Tax,USD,"81,659,000"
2015,Exillon Energy Plc,Russian Federation,Regional budget of the Khanty-Mansiysk Autonomous District,country,Tax,USD,"2,603,000"
2015,Total Sa,Canada,Province of Alberta,country,Royalties,USD,"2,450,000"
2015,Total Sa,"Bolivia, Plurinational State of",Yacimientos Petroliferos Fiscales Bolivianos (YPFB),country,Production Entitlements,USD,"75,183,000"
2015,Total Sa,United Arab Emirates,Petroleum Institute,country,Fees,USD,"2,344,000"
2015,Total Sa,Russian Federation,Ministry of Energy,country,Production Entitlements,USD,"70,973,000"
2015,Acacia Mining,"Tanzania, United Republic of",Tanzania,country,Tax,USD,"2,234,000"
2015,Vedanta Resources,South Africa,South African Revenue Services,country,Tax,USD,"2,000,000"
2015,Vedanta Resources,Zambia,Zambia Revenue Authority Domestic Taxes,country,Royalties,USD,"53,280,000"
2015,Vedanta Resources,Namibia,Namibian Inland Revenue Authority,country,Tax,USD,"1,930,000"
2015,Vedanta Resources,United States of America,"Internal Revenue Service, US",country,Tax,USD,"1,420,000"
2015,Randgold Resources,Cote d'Ivoire,Ministère de l'Industrie et des Mines,country,Royalties,USD,"1,137,536"
2015,Centamin Plc,Egypt,Egypt,country,Infrastructure,USD,"1,095,868"
2015,ROYAL DUTCH SHELL PLC,Oman,OMAN - MINISTRY OF FINANCE,country,Tax,USD,"23,003,630"
2015,Polymetal Intl Plc,Kazakhstan,Kazakhstan,country,Other,USD,"231,000"
2015,Vedanta Resources,India,"The Department of Mines and Geology, Rajasthan State Govt",country,Royalties,USD,"174,740,000"
2015,ROYAL DUTCH SHELL PLC,Norway,OLJEDIREKTORATET,country,Fees,USD,"10,492,924"
2015,ROYAL DUTCH SHELL PLC,Nigeria,NIGER DELTA DEVELOPMENT COMMISSION,country,Fees,USD,"46,946,550"
2015,Total Sa,Argentina,Administracion Federal de Ingresos Publicos,country,Tax,USD,"188,508,000"
2015,ROYAL DUTCH SHELL PLC,Canada,MUNICIPAL DISTRICT OF GREENVIEW NO.,country,Fees,USD,"581,296"
2015,ROYAL DUTCH SHELL PLC,Italy,MONTEMURRO MUNICIPALITY,country,Royalties,USD,"250,447"
2015,ROYAL DUTCH SHELL PLC,Canada,MINISTRY OF EMPLOY. & INVEST.,country,Fees,USD,"770,691"
2015,ROYAL DUTCH SHELL PLC,New Zealand,MINISTRY OF ECONOMIC DEVELOPMENT,country,Royalties,USD,"64,908,372"
2015,Total Sa,Myanmar,Myanmar Oil and Gas Enterprise,country,Production Entitlements,USD,"133,478,000"
2015,ROYAL DUTCH SHELL PLC,New Zealand,MINISTRY OF ECONOMIC DEVELOPMENT,country,Fees,USD,"139,534"
2015,ROYAL DUTCH SHELL PLC,Brazil,MINISTERIO DA FAZENDA,country,Tax,USD,"1,144,389"
2015,Exillon Energy Plc,Russian Federation,Agency RK for Property Management,country,Fees,USD,"29,000"
2015,Ophir Energy Plc,Equatorial Guinea,Equatorial Guinea,country,Infrastructure,USD,"76,000"
2015,ROYAL DUTCH SHELL PLC,Canada,MIKISEW CREE GOVERNMENT,country,Fees,USD,"283,331"
2015,Randgold Resources,Mali,Ministère des Domaines de l'Etat et des Affaires Foncières - Direction Nationale Domains et Cadastre,country,Fees,USD,"45,339"
2015,Centamin Plc,Ethiopia,Ethiopia,country,Fees,USD,"21,074"
2015,Exillon Energy Plc,Russian Federation,The Forest Committee of the Komi Republic,country,Fees,USD,"76,000"
2015,ROYAL DUTCH SHELL PLC,Italy,GRUMENTO NOVA MUNICIPALITY,country,Royalties,USD,"1,001,787"
2015,ROYAL DUTCH SHELL PLC,Brunei Darussalam,GOVERNMENT OF BRUNEI DARUSSALAM,country,Fees,USD,"1,410,139"
2015,Centamin Plc,Egypt,Egypt,country,Fees,USD,"221,470"
2015,ROYAL DUTCH SHELL PLC,Canada,GOVERNMENT OF ALBERTA,country,Royalties,USD,"89,697,729"
2015,Glencore plc,Peru,Peru - National,country,Tax,USD,"54,204,000"
2015,Total Sa,Brazil,"Agencia National de Petroleo, Gas Natural e Biocombustiveis",country,Fees,USD,"336,000"
2015,ROYAL DUTCH SHELL PLC,Canada,MIKISEW CREE FIRST NATION TRUST,country,Fees,USD,"865,771"
2015,ROYAL DUTCH SHELL PLC,Ireland,DEPARTMENT OF COMMUNICATIONS,country,Fees,USD,"914,006"
2015,Glencore plc,Peru,Peru - Local - Lima,country,Fees,USD,"4,716,000"
2015,Great Eastern Energy Group,India,"Ministry of Petroleum and Natural Gas, Government of India",country,Production Entitlements,USD,"437,889"
2015,ROYAL DUTCH SHELL PLC,Italy,MARSICOVETERE MUNICIPALITY,country,Royalties,USD,"250,447"
2015,ROYAL DUTCH SHELL PLC,Ireland,COMMISSION FOR ENERGY REGULATION,country,Fees,USD,"3,399,097"
2015,ROYAL DUTCH SHELL PLC,Italy,BASILICATA REGION (VDA),country,Royalties,USD,"62,089,905"
2015,BP P.L.C.,United States of America,State of Louisiana,country,Tax,USD,"5,602,639"
2015,Anglo American plc,South Africa,Chief Licencing Officer - Municipal,country,Fees,USD,"108,833"
2015,BG Group Ltd,India,Ministry of Petroleum and Natural Gas,country,Production Entitlements,USD,"81,145,000"
2015,Tullow Oil PLC,Norway,Norwegian Petroleum Directorate,country,Fees,USD,"70,973"
2015,Tullow Oil PLC,United Kingdom of Great Britain and Northern Ireland,Department of Energy & Climate Change,country,Fees,USD,"42,941"
2015,Tullow Oil PLC,United Kingdom of Great Britain and Northern Ireland,Department of Energy & Climate Change,country,Fees,USD,"1,965"
2015,Tullow Oil PLC,United Kingdom of Great Britain and Northern Ireland,Department of Energy & Climate Change,country,Fees,USD,"17,083"
2015,Glencore plc,Canada,Canada - Regional - Quebec,country,Tax,USD,"14,858,000"
2015,Tullow Oil PLC,United Kingdom of Great Britain and Northern Ireland,Department of Energy & Climate Change,country,Fees,USD,"115,442"
2015,Glencore plc,Canada,Canada - Regional - Quebec,country,Fees,USD,"241,000"
2015,Tullow Oil PLC,United Kingdom of Great Britain and Northern Ireland,Department of Energy & Climate Change,country,Fees,USD,"60,201"
2015,Tullow Oil PLC,United Kingdom of Great Britain and Northern Ireland,Department of Energy & Climate Change,country,Fees,USD,"434,488"
2015,Tullow Oil PLC,United Kingdom of Great Britain and Northern Ireland,Department of Energy & Climate Change,country,Fees,USD,"299,158"
2015,Tullow Oil PLC,United Kingdom of Great Britain and Northern Ireland,Department of Energy & Climate Change,country,Fees,USD,"259,624"
2015,Glencore plc,Canada,Canada - Regional - Ontario,country,Tax,USD,"15,334,000"
2015,Tullow Oil PLC,United Kingdom of Great Britain and Northern Ireland,Department of Energy & Climate Change,country,Fees,USD,"64,465"
2015,Glencore plc,Canada,Canada - Regional - Nunavut,country,Fees,USD,"44,000"
2015,Tullow Oil PLC,Netherlands,Belastingdienst,country,Fees,USD,"1,438"
2015,Tullow Oil PLC,Netherlands,Belastingdienst,country,Fees,USD,"31,024"
2015,Glencore plc,Colombia,Colombia - National,country,Tax,USD,"23,832,000"
2015,EQUION ENERGIA LIMITED,Colombia,Secretaría de Hacienda Distrital de Bogotá - SHD,country,Tax,USD,"340,388"
2015,Tullow Oil PLC,Netherlands,Belastingdienst,country,Fees,USD,"36,949"
2015,Tullow Oil PLC,Netherlands,Belastingdienst,country,Fees,USD,"32,333"
2015,Tullow Oil PLC,Netherlands,Belastingdienst,country,Fees,USD,"64,796"
2015,Tullow Oil PLC,Pakistan,Ministry of petroleum & natural resources,country,Fees,USD,"6,008"
2015,BP P.L.C.,United States of America,Office of Natural Resources Revenue,country,Fees,USD,"21,693,085"
2015,Glencore plc,Kazakhstan,Kazakhstan - National,country,Tax,USD,"79,986,000"
2015,Glencore plc,Kazakhstan,Kazakhstan - National,country,Royalties,USD,"65,890,000"
2015,BP P.L.C.,Norway,Skatteetaten,country,Tax,USD,"6,759,386"
2015,JKX Oil & Gas plc,Hungary,State treasury: Local budget,country,Fees,USD,"3,000"
2015,Tullow Oil PLC,Ethiopia,"FEDERAL DEMOCRATIC REPUBLIC OF ETHIOPIA, MINISTRY OF MINES, PETROLEUM & NATURAL GAS",country,Fees,USD,"440,680"
2015,JKX Oil & Gas plc,Hungary,State treasury: State budget,country,Fees,USD,"49,000"
2015,Tullow Oil PLC,Norway,Norwegian Petroleum Directorate,country,Fees,USD,"186,014"
2015,Glencore plc,Equatorial Guinea,Equatorial Guinea - National,country,Production Entitlements,USD,"258,707,000"
2015,Tullow Oil PLC,Gabon,Gabonese Public Treasury - Ministry of Finance,country,Royalties,USD,"9,413,126"
2015,Glencore plc,"Congo, the Democratic Republic of the",DRC - National,country,Infrastructure,USD,"53,712,000"
2015,BP P.L.C.,Russian Federation,Ministry of Finance – Moscow ,country,Tax,USD,"33,964,339"
2015,BP P.L.C.,Oman,Ibri Municipality,country,Infrastructure,USD,"25,147,602"
2015,Randgold Resources,Mali,Ministère de l'Economie et des Finances - Direction des Grandes Enterprises,country,Tax,USD,"55,698,763"
2015,Total Sa,Netherlands,Belastingdienst Nederland,country,Fees,USD,"2,229,000"
2015,Soco International PLC,"Virgin Islands, U.S.",Vietnam,country,Production Entitlements,USD,"158,320,000"
2015,BP P.L.C.,Norway,The Norwegian Petroleum Directorate,country,Fees,USD,"9,583,211"
2015,Total Sa,Nigeria,Nigerian National Petroleum Corporation,country,Production Entitlements,USD,"58,961,000"
2015,Total Sa,South Africa,South African Revenue Service,country,Royalties,USD,"1,823,000"
2015,Soco International PLC,"Virgin Islands, U.S.",Vietnam,country,Tax,USD,"62,618,000"
2015,Acacia Mining PLC,"Tanzania, United Republic of",Name for Tanzania National Recipient,country,Fees,USD,"996,000"
2015,BP P.L.C.,Qatar,Ministry of Finance,country,Tax,USD,"827,211"
2015,BP P.L.C.,Oman,Ministry of Oil & Gas ,country,Fees,USD,"400,000"
2015,Acacia Mining PLC,"Tanzania, United Republic of",Name for Tanzania Local Dar es Salaam Recipient,country,Tax,USD,"2,234,000"
2015,Total Sa,Algeria,Direction des Grandes Entreprises c/o Sonatrach,country,Tax,USD,"96,226,000"
2015,Vedanta Resources,Ireland,"Department of Communications, Energy & Natural Resources, Ireland",country,Royalties,USD,"2,830,000"
2015,Soco International PLC,"Virgin Islands, U.S.",Vietnam,country,Fees,USD,"260,000"
2015,JKX Oil & Gas plc,Hungary,State treasury: Local budget,country,Royalties,USD,"1,000"
2015,Tullow Oil PLC,United Kingdom of Great Britain and Northern Ireland,Her Majesties Revenue and Customs,country,Tax,USD,"-631,936"
2015,Tullow Oil PLC,Cote d'Ivoire,"The Republic of Cote d’Ivoire, Ministry of Mines and Petroleum Resources",country,Production Entitlements,USD,"273,751"
2015,Tullow Oil PLC,Equatorial Guinea,"Republic of Equatorial Guinea, Ministry of Mines, Industry and Energy ",country,Production Entitlements,USD,"10,006,583"
2015,Antofagasta plc,Chile,Government of Chile,country,Fees,USD,"6,549,000"
2015,Total Sa,"Congo, the Democratic Republic of the",Ministère des Hydrocarbures,country,Fees,USD,"760,000"
2015,Antofagasta plc,Chile,Government of Chile,country,Tax,USD,"271,339,000"
2015,Anglo American plc,Australia,Commonwealth of Australia - Federal,country,Tax,USD,"10,157,082"
2015,Total Sa,United States of America,Office of Natural Resources Revenue,country,Royalties,USD,"20,037,000"
2015,Vedanta Resources,India,"Ministry of Petroleum and Natural Gas, Government of India",country,Fees,USD,"880,000"
2015,Exillon Energy Plc,Russian Federation,Federal budget,country,Tax,USD,"72,663,000"
2015,Exillon Energy Plc,Russian Federation,Regional budget of Moscow,country,Tax,USD,"2,066,000"
2015,Anglo American plc,Brazil,Municipality of Dom Joaquim,country,Infrastructure,USD,"1,401,898"
2015,Tullow Oil PLC,Uganda,Uganda Revenue Authority,country,Tax,USD,"2,374,650"
2015,ROYAL DUTCH SHELL PLC,China,CHINA NATIONAL PETROLEUM CORPORATION,country,Production Entitlements,USD,"447,955,875"
2015,Glencore plc,South Africa,South Africa - National ,country,Royalties,USD,"11,974,011"
2015,Ophir Energy Plc,Indonesia,Indonesia,country,Infrastructure,USD,"395,000"
2015,Nord Gold SE,Burkina Faso,Direction Générale du Trésor et de la Comptabilité Publique (federal level),country,Dividends,USD,"2,229,771"
2015,Rio Tinto PLC,Peru,PERU NATIONAL,country,Tax,USD,"5,989,027"
2015,Tullow Oil PLC,Gabon,Gabonese Public Treasury - Ministry of Finance,country,Royalties,USD,"3,123,930"
2015,ROYAL DUTCH SHELL PLC,Nigeria,NIGERIAN NATIONAL PETROLEUM CORPORATION,country,Production Entitlements,USD,"3,607,646,387"
2015,Tullow Oil PLC,Kenya,Ministry of Energy,country,Fees,USD,"124,000"
2015,Nord Gold SE,Guinea,Comité Préfectoral de Dévéloppement de Dinguiraye/ Siguiri (local level),country,Infrastructure,USD,"1,200,863"
2015,BG Group Ltd,Kenya,Ministry of Energy,country,Fees,USD,"528,000"
2015,EVRAZ PLC,Russian Federation,Local government (Komitet po imuschestvu Kachkanarskogo GO),country,Fees,USD,11
2015,Avocet Mining PLC,Guinea,National,country,Tax,USD,"12,000"
2015,Avocet Mining PLC,Guinea,National,country,Tax,USD,"276,000"
2015,ROYAL DUTCH SHELL PLC,Gabon,TRESORIER PAY.GEN. DU GABON,country,Production Entitlements,USD,"1,698,389"
2015,Avocet Mining PLC,Burkina Faso,National,country,Tax,USD,"3,000"
2015,Gulf Keystone Petroleum Ltd,Iraq,Ministry of Natural Resources of the Kurdistan Regional Government ('KRG'),country,Production Entitlements,USD,"89,030,029"
2015,Avocet Mining PLC,Burkina Faso,National,country,Tax,USD,"16,000"
2015,Anglo American plc,South Africa,Tsantsabane Municipality,country,Infrastructure,USD,"471,000"
2015,Avocet Mining PLC,Burkina Faso,National,country,Tax,USD,"1,971,000"
2015,ROYAL DUTCH SHELL PLC,Canada,MINISTER OF FINANCE,country,Fees,USD,"852,236"
2015,Randgold Resources,Senegal,Ministère de l'Industrie et des Mines - Direction des Mines et de la Geologie,country,Fees,USD,"42,294"
2015,ROYAL DUTCH SHELL PLC,Brunei Darussalam,GOVERNMENT OF BRUNEI DARUSSALAM,country,Tax,USD,"102,227,436"
2015,ROYAL DUTCH SHELL PLC,Ireland,MAYO COUNTY COUNCIL,country,Infrastructure,USD,"564,653"
2015,ROYAL DUTCH SHELL PLC,Italy,CALVELLO MUNICIPALITY,country,Royalties,USD,"1,753,127"
2015,Glencore plc,Zambia,Zambia - National,country,Tax,USD,"270,000"
2015,ROYAL DUTCH SHELL PLC,Brazil,MINISTERIO DA FAZENDA,country,Royalties,USD,"65,401,759"
2015,ROYAL DUTCH SHELL PLC,United Kingdom of Great Britain and Northern Ireland,DEPARTMENT OF ENERGY AND CLIMATE,country,Fees,USD,"5,460,057"
2015,Total Sa,United States of America,City of Arlington,country,Royalties,USD,"423,000"
2015,ROYAL DUTCH SHELL PLC,Canada,INDUSTRY CANADA,country,Fees,USD,"230,669"
2015,ROYAL DUTCH SHELL PLC,United States of America,COMMONWEALTH OF PENNSYLVANIA,country,Fees,USD,"11,706,305"
2015,Total Sa,United States of America,Tarrant Regional Water District,country,Royalties,USD,"414,000"
2015,Green Dragon Gas Ltd,China,PetroChina,country,Tax,USD,"82,000"
2015,Glencore plc,Namibia,Namibia - National,country,Royalties,USD,"1,043,000"
2015,Premier Oil Plc,Falkland Islands (Malvinas),Falkland Island Government - Department of Mineral Resources,country,Fees,USD,"390,000"
2015,Acacia Mining,Kenya,Kenya,country,Fees,USD,"66,000"
2015,Glencore plc,Namibia,Namibia - National,country,Tax,USD,"6,659,000"
2015,Total Sa,Colombia,Camara de comercio de Bogota,country,Fees,USD,"379,000"
2015,Glencore plc,"Congo, the Democratic Republic of the",DRC - National,country,Royalties,USD,"104,180,000"
2015,BP P.L.C.,United States of America,Delaware Division of Revenue,country,Royalties,USD,"252,535"
2015,Glencore plc,Colombia,Colombia - Regional - Cesar,country,Royalties,USD,"3,000"
2015,Tullow Oil PLC,Netherlands,Belastingdienst,country,Fees,USD,"24,408"
2015,Glencore plc,Chile,Chile - Local - Punitaqui,country,Fees,USD,"125,000"
2015,ROYAL DUTCH SHELL PLC,Argentina,GAS Y PETROLEO DEL NEUQUEN S.A.,country,Fees,USD,"139,000"
2015,Glencore plc,"Bolivia, Plurinational State of",Bolivia - National,country,Royalties,USD,"27,316,000"
2015,BP P.L.C.,United States of America,State of Arkansas,country,Tax,USD,"2,362,718"
2015,ROYAL DUTCH SHELL PLC,Canada,ALBERTA PETROLEUM MARKETING COMMISSION,country,Royalties,USD,"136,536"
2015,ROYAL DUTCH SHELL PLC,Argentina,AFIP DIRECCIÓN GENERAL IMPOSITIVA,country,Tax,USD,"1,114,712"
2015,Glencore plc,Australia,Australia - Regional - Queensland,country,Fees,USD,"9,153,829"
2015,BP P.L.C.,United States of America,State of Texas,country,Royalties,USD,"533,445"
2015,Glencore plc,Australia,Australia - Regional - Queensland,country,Royalties,USD,"143,264,963"
2015,Glencore plc,Australia,Australia - Regional - New South Wales,country,Infrastructure,USD,"13,006,730"
2015,Tullow Oil PLC,Norway,Norwegian Petroleum Directorate,country,Fees,USD,"263,007"
2015,Glencore plc,Argentina,Argentina - Regional - Jujuy Province,country,Royalties,USD,"1,075,000"
2015,EVRAZ PLC,South Africa,Local government (SARS),country,Tax,USD,"1,113,768"
2015,Glencore plc,"Tanzania, United Republic of",Tanzania - National,country,Fees,USD,"206,000"
2015,EnQuest PLC,Malaysia,PETRONAS (PETROLIAM NASIONAL BERHAD),country,Infrastructure,USD,"100,000"
2015,Acacia Mining PLC,South Africa,Name for South Africa National Recipient,country,Tax,USD,"1,013,000"
2015,EVRAZ PLC,Ukraine,Federal government (Glavnoe Upravlenie Gosudarstvennoy kaznacheyskoy sluzhby Ukrainy in Dnepropetrovskaya oblast),country,Tax,USD,"7,847,101"
2015,EVRAZ PLC,Russian Federation,"Local government (IFNS 8 KUMI, Mezhdurechenskiy Gorodskoy Okrug)",country,Fees,USD,"89,601"
2015,EVRAZ PLC,Russian Federation,Local government (Administraziya Novokuznetskogo munizipalnogo rayona),country,Fees,USD,"46,677"
2015,Glencore plc,Canada,Canada - Regional - Ontario,country,Fees,USD,"105,000"
2015,Total Sa,Thailand,"Department of Mineral Fuels, Ministry Of Energy",country,Tax,USD,"117,552,000"
2015,Randgold Resources,Mali,Ministère de l'Economie et des Finances - Bureau des Domaines de Kenieba,country,Tax,USD,"2,996,446"
2015,Anglo American plc,Canada,Kashechewan First Nation,country,Infrastructure,USD,"921,064"
2015,Tullow Oil PLC,Pakistan,Ministry of petroleum & natural resources,country,Fees,USD,"3,842"
2015,ROYAL DUTCH SHELL PLC,Nigeria,DEPARTMENT OF PETROLEUM RESOURCES,country,Royalties,USD,"341,126,943"
2015,Total Sa,United States of America,Fort Worth Independent School District,country,Royalties,USD,"125,000"
2015,ROYAL DUTCH SHELL PLC,Gabon,GABON OIL COMPANY,country,Production Entitlements,USD,"187,850,672"
2015,Total Sa,Morocco,Office National des Hydrocarbures,country,Fees,USD,"3,859,000"
2015,Anglo American plc,Canada,Attawapiskat First Nation,country,Infrastructure,USD,"1,219,629"
2015,Total Sa,Libya,Ministry of Finance c/o National Oil Corporation,country,Tax,USD,"160,461,000"
2015,ROYAL DUTCH SHELL PLC,United States of America,OFFICE OF NATURAL RESOURCES REVENUE,country,Royalties,USD,"479,001,616"
2015,EVRAZ PLC,Russian Federation,"Local government (MKUUMI, Kaltan)",country,Fees,USD,"35,719"
2015,EnQuest PLC,Malaysia,PETRONAS (PETROLIAM NASIONAL BERHAD),country,Production Entitlements,USD,"47,492,425"
2015,Anglo American plc,Chile,Tesorería General de la República - Nacional,country,Fees,USD,"3,756,890"
2015,EVRAZ PLC,Russian Federation,Federal (Sibnedra),country,Fees,USD,"1,084,355"
2015,Glencore plc,Australia,Australia - National,country,Tax,USD,"66,195,278"
2015,BG Group Ltd,Australia,Banana Shire Council,country,Fees,USD,"506,000"
2015,Centamin Plc,Egypt,Egypt,country,Other,USD,"5,000,000"
2015,Rio Tinto PLC,Australia,WESTERN AUSTRALIA GOVERNMENT,country,Fees,USD,"1,320,359"
2015,Anglo American plc,Chile,Nogales Municipal,country,Fees,USD,"212,136"
2015,Tullow Oil PLC,Namibia,Ministerial Deposit Account,country,Fees,USD,"126,660"
2015,Rio Tinto PLC,Mongolia,MONGOLIA NATIONAL,country,Fees,USD,"221,793"
2015,Anglo American plc,Chile,Colina Municipal,country,Fees,USD,"118,197"
2015,Glencore plc,Argentina,Argentina - Local - San Juan,country,Fees,USD,"147,000"
2015,Polymetal Intl Plc,Kazakhstan,Kazakhstan,country,Tax,USD,"3,309,000"
2015,Anglo American plc,Canada,Moosecree First Nation,country,Infrastructure,USD,"734,107"
2015,Tullow Oil PLC,"Congo, the Democratic Republic of the","Republic of Congo, Ministere des Hydrocarbures",country,Production Entitlements,USD,"15,127,543"
2015,Rio Tinto PLC,Canada,NEWFOUNDLAND GOVERNMENT,country,Tax,USD,"10,609,129"
2015,Glencore plc,Argentina,Argentina - Regional - Catamarca,country,Royalties,USD,"16,586,000"
2015,EVRAZ PLC,Russian Federation,Federal government (IFNS#13),country,Fees,USD,80
2015,BG Group Ltd,Australia,North Burnett Regional Council,country,Infrastructure,USD,"122,000"
2015,EnQuest PLC,United Kingdom of Great Britain and Northern Ireland,HM REVENUE AND CUSTOMS,country,Tax,USD,"-3,820,535"
2015,Rio Tinto PLC,Namibia,NAMIBIA NATIONAL,country,Royalties,USD,"5,033,528"
2015,Tullow Oil PLC,Norway,Norwegian Tax Administration.,country,Tax,USD,"-144,867,246"
2015,EVRAZ PLC,Russian Federation,Local government (Administraziya Kachkanarskogo GO),country,Fees,USD,"1,332"
2015,Premier Oil Plc,Viet Nam,Vung Tau Customs office,country,Royalties,USD,"3,600,000"
2015,EnQuest PLC,United Kingdom of Great Britain and Northern Ireland,DEPARTMENT OF ENERGY AND CLIMATE CHANGE,country,Fees,USD,"3,531,169"
2015,Anglo American plc,Brazil,Municipality of Serro,country,Infrastructure,USD,"2,075,694"
2015,ROYAL DUTCH SHELL PLC,Iraq,SOUTH OIL COMPANY,country,Tax,USD,"23,303,080"
2015,Rio Tinto PLC,Australia,NORTHERN TERRITORY GOVERNMENT,country,Fees,USD,"2,757,307"
2015,Tullow Oil PLC,Norway,Norwegian Petroleum Directorate,country,Fees,USD,"390,701"
2015,Tullow Oil PLC,Mauritania,MINISTRY OF ENERGY AND PETROLEUM ,country,Production Entitlements,USD,"3,142,335"
2015,Rio Tinto PLC,Australia,NORTHERN TERRITORY GOVERNMENT,country,Royalties,USD,"29,622,808"
2015,ROYAL DUTCH SHELL PLC,Canada,GOVERNMENT OF ALBERTA,country,Tax,USD,"580,528"
2015,Tullow Oil PLC,Ghana,Ghana Health Service and Ghana Education Service,country,Infrastructure,USD,"237,263"
2015,ROYAL DUTCH SHELL PLC,Nigeria,DEPARTMENT OF PETROLEUM RESOURCES,country,Fees,USD,"200,638,000"
2015,Rio Tinto PLC,Madagascar,MADAGASCAR NATIONAL,country,Fees,USD,"109,825"
2015,EVRAZ PLC,Russian Federation,Local government (Komitet gradostroitelstva I zemelnyh resursov administrazii goroda Novokuznetska),country,Fees,USD,"155,664"
2015,Vedanta Resources,India,"Director Mines, Karnataka",country,Royalties,USD,"3,860,000"
2015,Anglo American plc,Brazil,Municipality of Alvorada de Minas,country,Infrastructure,USD,"496,084"
2015,ROYAL DUTCH SHELL PLC,United States of America,STATE OF LOUISIANA,country,Tax,USD,"-9,759,083"
2015,BG Group Ltd,Australia,Western Downs Regional Council,country,Fees,USD,"9,640,000"
2015,Glencore plc,South Africa,South Africa - National ,country,Infrastructure,USD,"2,098,988"
2015,EnQuest PLC,Malaysia,PETRONAS (PETROLIAM NASIONAL BERHAD),country,Royalties,USD,"1,299,597"
2015,Total Sa,Cyprus,"Ministry of Energy, Commerce, Industry and Tourism",country,Fees,USD,"9,123,000"
2015,Rio Tinto PLC,Australia,WESTERN AUSTRALIA GOVERNMENT,country,Royalties,USD,"1,075,651,449"
2015,Tullow Oil PLC,Pakistan,Ministry of petroleum & natural resources,country,Infrastructure,USD,"4,000"
2015,Anglo American plc,Peru,MINISTERIO DE ENERGIA Y MINAS - Federal,country,Fees,USD,"461,600"
2015,ROYAL DUTCH SHELL PLC,Canada,DUNCANS CARMON CREEK COMMUNITY,country,Fees,USD,"386,488"
2015,BP P.L.C.,Angola,Sonangol EP (Concessionaire),country,Production Entitlements,USD,"864,935,372"
2015,BP P.L.C.,United States of America,Southern Ute Indian Tribe,country,Royalties,USD,"22,361,416"
2015,Rio Tinto PLC,Mongolia,MONGOLIA NATIONAL,country,Royalties,USD,"111,117,141"
2015,EVRAZ PLC,Russian Federation,Regional government (MRI FNS #2 po krupneyshim nalogoplatelschikam kemerovskoy oblasti),country,Tax,USD,"21,913,043"
2015,ROYAL DUTCH SHELL PLC,Nigeria,DEPARTMENT OF PETROLEUM RESOURCES,country,Royalties,USD,"37,424,320"
2015,Rio Tinto PLC,Mongolia,MONGOLIA NATIONAL,country,Tax,USD,"65,951,340"
2015,EVRAZ PLC,Russian Federation,Federal government (IFNS 4 po kemerosvskoy oblasti),country,Tax,USD,"5,468"
2015,Glencore plc,Chile,Chile - National,country,Royalties,USD,"9,000"
2015,Perenco Oil & Gas Colombia Limited,Colombia,ANH,country,Royalties,USD,"636,642"
2015,Total Sa,Nigeria,Federal Inland Revenue Service c/o Nigerian National Petroleum Corporation,country,Tax,USD,"87,654,000"
2015,Ophir Energy Plc,Gabon,Gabon,country,Fees,USD,"2,279,000"
2015,Anglo American plc,South Africa,Free State Department of Education,country,Infrastructure,USD,"424,000"
2015,Genel Energy Plc,Iraq,Kurdistan Region of Iraq,country,Royalties,USD,"181,680,000"
2015,ROYAL DUTCH SHELL PLC,Denmark,DANISH ENERGY AGENCY,country,Tax,USD,"30,576,894"
2015,KAZ Minerals PLC,Kyrgyzstan,Kyrgyzstan State Tax Administration,country,Royalties,USD,"1,007"
2015,EVRAZ PLC,Russian Federation,Local government (IFNS#13 Novokuznetskiy rayon),country,Fees,USD,"317,927"
2015,Polymetal Intl Plc,Russian Federation,Russia,country,Royalties,USD,"90,340,000"
2015,Total Sa,Kazakhstan,Mangistau region c/o North Caspian Operating Company b.v.,country,Infrastructure,USD,"2,748,000"
2015,Anglo American plc,South Africa,National Department of Higher Education,country,Infrastructure,USD,"403,000"
2015,ROYAL DUTCH SHELL PLC,Norway,SKATTE OG AVGIFTSREGNSKAP,country,Tax,USD,"1,135,199,247"
2015,ROYAL DUTCH SHELL PLC,United Kingdom of Great Britain and Northern Ireland,HM REVENUE & CUSTOMS,country,Tax,USD,"-128,360,400"
2015,Premier Oil Plc,Norway,Petroleum Tax Office,country,Tax,USD,"-7,047,000"
2015,ROYAL DUTCH SHELL PLC,Philippines,DEPARTMENT OF ENERGY,country,Production Entitlements,USD,"315,828,963"
2015,BP P.L.C.,Indonesia,Ministry of Finance,country,Production Entitlements,USD,"50,214,894"
2015,Glencore plc,"Congo, the Democratic Republic of the",DRC - National,country,Fees,USD,"29,426,000"
2015,BP P.L.C.,Uruguay,"Administracion Nacional de Combustibles, Alcohol y Portland (ANCAP)",country,Fees,USD,"300,000"
2015,Total Sa,United States of America,Johnson County Tax Assessor,country,Tax,USD,"1,165,000"
2015,Anglo American plc,South Africa,Limpopo Department of health,country,Infrastructure,USD,"120,247"
2015,ROYAL DUTCH SHELL PLC,Philippines,BUREAU OF INTERNAL REVENUE,country,Tax,USD,"78,622,555"
2015,ROYAL DUTCH SHELL PLC,Qatar,RAS LAFFAN INDUSTRIAL CITY,country,Fees,USD,"16,475,980"
2015,Centamin Plc,Egypt,Egypt,country,Tax,USD,"8,195"
2015,Tullow Oil PLC,Ireland,Revenue Commissioners,country,Tax,USD,"-2,918,600"
2015,Rio Tinto PLC,Canada,QUEBEC GOVERNMENT,country,Tax,USD,"-1,315,385"
2015,Tullow Oil PLC,Madagascar,OMNIS,country,Fees,USD,"300,000"
2015,Rio Tinto PLC,Madagascar,MADAGASCAR NATIONAL,country,Royalties,USD,"569,615"
2015,EVRAZ PLC,Russian Federation,Local government (TU Rosimuschestva Kemerovskoy oblasti),country,Fees,USD,"27,819"
2015,Total Sa,Iraq,Iraq government,country,Tax,USD,"3,892,000"
2015,Anglo American plc,Canada,Deninu Kue First Nation,country,Infrastructure,USD,"203,272"
2015,Anglo American plc,Brazil,National Department of Mineral Production - Federal,country,Royalties,USD,"4,837,170"
2015,Tullow Oil PLC,Mauritania,Mauritanian Finance Ministry & Direction of Environmental Commission,country,Fees,USD,"257,749"
2015,BG Group Ltd,Norway,Oil Tax Office,country,Tax,USD,"-24,642,000"
2015,BP P.L.C.,Azerbaijan,State Oil Fund of Azerbaijan (SOFAZ),country,Production Entitlements,USD,"6,675,416,173"
2015,Total Sa,United States of America,City of Fort Worth,country,Royalties,USD,"1,722,000"
2015,Anglo American plc,South Africa,Department of Health,country,Infrastructure,USD,"676,998"
2015,ROYAL DUTCH SHELL PLC,Canada,KIPOHTAKAW MANAGEMENT CORP - ALEXANDER FIRST NATION,country,Infrastructure,USD,"359,982"
2015,ROYAL DUTCH SHELL PLC,Canada,CLEARWATER COUNTY,country,Fees,USD,"422,530"
2015,KAZ Minerals PLC,Hong Kong,Hong Kong Inland Revenue Department,country,Tax,USD,145
2015,BP P.L.C.,Indonesia,Ministry of Energy & Mineral Resources,country,Fees,USD,"1,200,000"
2015,Tullow Oil PLC,Ghana,Ghana Health Service and Ghana Education Service,country,Infrastructure,USD,"3,190,490"
2015,ROYAL DUTCH SHELL PLC,United States of America,LOUISIANA STATE REVENUE TAX DEPT,country,Tax,USD,"3,444,657"
2015,Exillon Energy Plc,Russian Federation,Forest management,country,Fees,USD,"63,000"
2015,Tullow Oil PLC,United Kingdom of Great Britain and Northern Ireland,Department of Energy & Climate Change,country,Infrastructure,USD,"96,271"
2015,Total Sa,Norway,Norwegian Petroleum Directorate,country,Fees,USD,"3,238,000"
2015,Anglo American plc,Peru,SUPERINTENDENCIA NACIONAL TRIBUTARIA - Federal,country,Tax,USD,"1,581,313"
2015,KAZ Minerals PLC,Kazakhstan,Kazakhstan State Revenue Committee,country,Fees,USD,"1,111"
2015,Rio Tinto PLC,Australia,MUSWELLBROOK SHIRE COUNCIL,country,Fees,USD,"562,382"
2015,EnQuest PLC,Malaysia,PETRONAS (PETROLIAM NASIONAL BERHAD),country,Tax,USD,"8,175,125"
2015,Glencore plc,Peru,Peru - National,country,Fees,USD,"1,880,000"
2015,Total Sa,Madagascar,Office des Mines Nationales et des Industries Stratégiques,country,Fees,USD,"425,000"
2015,Tullow Oil PLC,Suriname,Suriname - Payment made to 3rd party,country,Infrastructure,USD,"257,689"
2015,BG Group Ltd,Uruguay,"Administración Nacional de Combustibles, Alcoholes y Portland",country,Fees,USD,"300,000"
2015,Anglo American plc,Brazil,Other - Other,country,Royalties,USD,"508,991"
2015,Vedanta Resources,India,"Government of India, Ministry of Mines- paid through Coal India Limited",country,Royalties,USD,"30,500,000"
2015,Premier Oil Plc,United Kingdom of Great Britain and Northern Ireland,Department of Energy and Climate Change,country,Fees,USD,"1,031,000"
2015,KAZ Minerals PLC,Kazakhstan,Kazakhstan State Revenue Committee,country,Royalties,USD,"56,595"
2015,Tullow Oil PLC,Uganda,Ministry of Energy and Minerals Development,country,Fees,USD,"11,453"
2015,Glencore plc,Colombia,Colombia - National,country,Royalties,USD,"112,966,000"
2015,ROYAL DUTCH SHELL PLC,Iraq,SOUTH OIL COMPANY,country,Production Entitlements,USD,"1,335,946,438"
2015,Acacia Mining PLC,"Tanzania, United Republic of",Name for Tanzania National Recipient,country,Royalties,USD,"38,059,000"
2015,Total Sa,Gabon,Trésor Public Gabonais,country,Fees,USD,"1,999,000"
2015,Anglo American plc,South Africa,Limpopo Department of Education,country,Infrastructure,USD,"510,000"
2015,Soco International PLC,"Virgin Islands, U.S.",Vietnam,country,Royalties,USD,"17,376,000"
2015,Tullow Oil PLC,United Kingdom of Great Britain and Northern Ireland,Department of Energy & Climate Change,country,Fees,USD,"10,615"
2015,KAZ Minerals PLC,United Kingdom of Great Britain and Northern Ireland,United Kingdom HMRC,country,Tax,USD,"6,364"
2015,Tullow Oil PLC,United Kingdom of Great Britain and Northern Ireland,Department of Energy & Climate Change,country,Infrastructure,USD,"40,113"
2015,Tullow Oil PLC,Kenya,Ministry of Energy,country,Fees,USD,"92,580"
2015,Nord Gold SE,Burkina Faso,Direction Générale des Impots (federal level),country,Tax,USD,"21,510,745"
2015,Petrofac,Malaysia,PETRONAS,country,Fees,USD,"1,253,000"
2015,FRESNILLO PLC,Mexico,Ministry of Finance and Public Credit - Tax Authorities,country,Tax,USD,"-11,840,593"
2015,Anglo American plc,South Africa,Emalahleni Municipality & Department of Education,country,Infrastructure,USD,"4,102,627"
2015,ROYAL DUTCH SHELL PLC,Canada,ALBERTA ENERGY REGULATOR,country,Fees,USD,"6,943,108"
2015,ROYAL DUTCH SHELL PLC,Malaysia,PETRONAS CARIGALI SDN BHD (KL),country,Tax,USD,"3,482,445"
2015,Hunting Plc,United States of America,State of Arkansas,country,Tax,USD,"7,211"
2015,Centamin Plc,Cote d'Ivoire,Cote d'Ivoire,country,Fees,USD,"10,071"
2015,Rio Tinto PLC,Peru,PERU NATIONAL,country,Fees,USD,"9,108,435"
2015,Tullow Oil PLC,Kenya,Ministry of Energy,country,Fees,USD,"18,876"
2015,EVRAZ PLC,Russian Federation,Regional government (MI FNS po krupneishim nalogoplatelschikam #5),country,Tax,USD,"90,512,441"
2015,Trans-Siberian Gold plc,Russian Federation,Russian Federation,country,Royalties,USD,"2,679,904"
2015,Tullow Oil PLC,Pakistan,Ministry of petroleum & natural resources,country,Infrastructure,USD,"3,000"
2015,JX Nippon Exploration and Production (U.K.) Limited,United Kingdom of Great Britain and Northern Ireland,Name for HM Revenue & Customs,country,Tax,USD,"15,955,168"
2015,Anglo American plc,Australia,Queensland - State,country,Royalties,USD,"210,421,551"
2015,Tullow Oil PLC,Guinea,OFFICE GUINEEN DE RECHERCHE ET DE PROMOTION PETROLIERE,country,Infrastructure,USD,"59,572"
2015,JX Nippon Exploration and Production (U.K.) Limited,United Kingdom of Great Britain and Northern Ireland,Name for Oil and Gas Authority,country,Fees,USD,"16,867"
2015,EVRAZ PLC,Russian Federation,"Local government (IFNS#4 Novokuznetsk, Komitet gradostroitelstva I zemelnyh resursov)",country,Fees,USD,"124,620"
2015,Total Sa,Cote d'Ivoire,"République de Côte d’Ivoire, Direction Générale des Hydrocarbures",country,Fees,USD,"1,781,000"
2015,FRESNILLO PLC,Mexico,Mexican state-owned electric utility,country,Infrastructure,USD,"1,299,425"
2015,Anglo American plc,Canada,Kashechewan First Nation - Other,country,Fees,USD,"842,686"
2015,Tullow Oil PLC,South Africa,South African Revenue Services,country,Tax,USD,"505,034"
2015,EVRAZ PLC,Russian Federation,Local government (MRI FNS po Mezhdurechensku #8),country,Fees,USD,907
2015,Tullow Oil PLC,Suriname,Suriname - Payment made to 3rd party,country,Infrastructure,USD,"257,689"
2015,Antofagasta plc,United States of America,Government of United States,country,Fees,USD,"53,000"
2015,Anglo American plc,Zimbabwe,Ministry of Mines and Mining Development - State,country,Fees,USD,"283,004"
2015,BP P.L.C.,Angola,Adminstracao Geral Tributaria,country,Tax,USD,"9,036,764"
2015,Anglo American plc,Peru,FONDO DE DESARROLLO DE MOQUEGUA - Local,country,Fees,USD,"183,475"
2015,BG Group Ltd,Brazil,Secretaria da Receita Federal do Brasil,country,Tax,USD,"70,975,000"
2015,BP P.L.C.,United States of America,State of Wyoming,country,Royalties,USD,"1,808,812"
2015,Goldbridges Global Resources Plc,Kazakhstan,Kazakhstan,country,Infrastructure,USD,"349,983"
2015,Tullow Oil PLC,Ghana,Ghana Health Service and Ghana Education Service,country,Infrastructure,USD,"915,219"
2015,BG Group Ltd,United Kingdom of Great Britain and Northern Ireland,Her Majesty's Revenue & Customs,country,Tax,USD,"406,462,000"
2015,Tullow Oil PLC,Ethiopia,Ethiopia - Payment made to 3rd party,country,Infrastructure,USD,"196,729"
2015,JX Nippon Exploration and Production (U.K.) Limited,United Kingdom of Great Britain and Northern Ireland,Name for Department of Energy and Climate Change,country,Fees,USD,"314,160"
2015,Rio Tinto PLC,Zimbabwe,ZIMBABWE NATIONAL,country,Royalties,USD,"3,859,594"
2015,Avocet Mining PLC,Burkina Faso,National,country,Royalties,USD,"2,094,000"
2015,Perenco Oil & Gas Colombia Limited,Colombia,Ecopetrol,country,Production Entitlements,USD,"7,583,232"
2015,PetroLatina Energy Ltd. (consolidated group),Colombia,ANH-AGENCIA NACIONAL DE HIDROCARBUROS,country,Fees,USD,"189,097"
2015,Tullow Oil PLC,Mauritania,Mauritanian Finance Ministry & Direction of Environmental Commission,country,Fees,USD,"24,150"
2015,BG Group Ltd,Norway,Oiljedirektorater,country,Fees,USD,"768,000"
2015,Gem Diamonds Ltd,Botswana,Government of Botswana,country,Royalties,USD,"1,506,000"
2015,Anglo American plc,South Africa,Dept. of Health,country,Infrastructure,USD,"252,000"
2015,KAZ Minerals PLC,Kazakhstan,Kazakhstan Local Authorities,country,Infrastructure,USD,"14,321"
2015,Anglo American plc,Brazil,São Felix do Xingu,country,Infrastructure,USD,"4,200,453"
2015,JKX Oil & Gas plc,Ukraine,State treasury: State budget,country,Fees,USD,"114,000"
2015,ROYAL DUTCH SHELL PLC,United States of America,STATE OF TEXAS,country,Royalties,USD,"13,941,794"
2015,Anglo American plc,South Africa,South African Diamond & Precious Metal Regulator - Local,country,Fees,USD,"679,132"
2015,Antofagasta plc,United States of America,State of Minnesota,country,Fees,USD,"210,000"
2015,Total Sa,Brunei Darussalam,Brunei Government,country,Tax,USD,"152,862,000"
2015,ROYAL DUTCH SHELL PLC,United States of America,OFFICE OF NATURAL RESOURCES REVENUE,country,Fees,USD,"60,109,206"
2015,Acacia Mining PLC,United Kingdom of Great Britain and Northern Ireland,Name for United Kingdom National Recipient,country,Tax,USD,"4,049,000"
2015,ROYAL DUTCH SHELL PLC,United States of America,STATE OF TEXAS,country,Tax,USD,"8,395,241"
2015,Total Sa,United States of America,Harrison County,country,Tax,USD,"140,000"
2015,Tullow Oil PLC,Gabon,Gabonese Public Treasury - Ministry of Finance,country,Royalties,USD,"1,087,775"
2015,ROYAL DUTCH SHELL PLC,Egypt,EGYPTIAN GENERAL PETROLEUM CORPORATION,country,Tax,USD,"85,566,882"
2015,Rio Tinto PLC,Guinea,GUINEA NATIONAL,country,Royalties,USD,"52,995"
2015,Anglo American plc,Peru,ACTIVOS MINEROS S.A.C. - Federal,country,Fees,USD,"3,709,025"
2015,Rio Tinto PLC,Canada,NORTH WEST TERRITORIES GOVERNMENT,country,Fees,USD,"381,740"
2015,Tullow Oil PLC,United Kingdom of Great Britain and Northern Ireland,Department of Energy & Climate Change,country,Fees,USD,"89,587"
2015,Tullow Oil PLC,Ghana,Ghana Revenue Authority,country,Fees,USD,"60,472"
2015,EVRAZ PLC,Russian Federation,Local government (TU Rosimuschestva Sverdlovskoy oblasti),country,Fees,USD,"44,640"
2015,BP P.L.C.,Azerbaijan,SGC Upstream LLC,country,Production Entitlements,USD,"55,723,471"
2015,Tullow Oil PLC,United Kingdom of Great Britain and Northern Ireland,Department of Energy & Climate Change,country,Fees,USD,"129,854"
2015,Glencore plc,Chad,Chad - National,country,Production Entitlements,USD,"73,276,000"
2015,Anglo American plc,Canada,Lutsel K'e Dene First Nation - Other,country,Fees,USD,"512,116"
2015,Tullow Oil PLC,Kenya,Ministry of Energy,country,Fees,USD,"92,340"
2015,EVRAZ PLC,Russian Federation,Regional government (IFNS #1 Tuva Republic Kyzyl city - administraziya Tandinskogo kozhuuna I administraziya Kyzylskogo Kozhuuna),country,Fees,USD,"17,861"
2015,BP P.L.C.,Azerbaijan,SGC Upstream LLC,country,Production Entitlements,USD,"69,850,539"
2015,Acacia Mining PLC,"Tanzania, United Republic of",Name for Tanzania National Recipient,country,Tax,USD,"85,130,000"
2015,BP P.L.C.,Trinidad and Tobago,Ministry of Energy & Energy Affairs,country,Fees,USD,"2,649,143"
2015,Anglo American plc,Brazil,Minas Gerais - State,country,Fees,USD,"1,070,214"
2015,Total Sa,Gabon,République du Gabon,country,Infrastructure,USD,"62,688,000"
2015,Total Sa,"Bolivia, Plurinational State of",Yacimientos Petroliferos Fiscales Bolivianos (YPFB),country,Fees,USD,"2,075,000"
2015,Anglo American plc,Brazil,Municipality of Sabinopólis,country,Infrastructure,USD,"482,346"
2015,ROYAL DUTCH SHELL PLC,United States of America,STATE OF PENNSYLVANIA,country,Tax,USD,"220,000"
2015,ROYAL DUTCH SHELL PLC,China,SHAANXI PROVINCE OFFICE OF STATE ADMINISTRATION OF TAXATION,country,Royalties,USD,"7,686,464"
2015,Rio Tinto PLC,Australia,NEW SOUTH WALES GOVERNMENT,country,Fees,USD,"2,399,410"
2015,Rio Tinto PLC,Indonesia,INDONESIA NATIONAL,country,Tax,USD,"-5,781,068"
2015,ROYAL DUTCH SHELL PLC,Nigeria,FEDERAL INLAND REVENUE SERVICE (FIRS),country,Tax,USD,"260,095,760"
2015,EVRAZ PLC,Russian Federation,Local government (Novokuznetsk city),country,Fees,USD,"540,259"
2015,Nord Gold SE,Russian Federation,Federal Treasury Departments (regional level),country,Tax,USD,"29,921,570"
2015,Total Sa,Russian Federation,Nenets Tax Inspection,country,Tax,USD,"76,582,000"
2015,Total Sa,Argentina,"Secretaria de Energia, Republica Argentina",country,Fees,USD,"2,826,000"
2015,Anglo American plc,South Africa,Blouberg Municipality,country,Infrastructure,USD,"240,000"
2015,Total Sa,Canada,Province of Alberta,country,Tax,USD,"-599,000"
2015,Tullow Oil PLC,United Kingdom of Great Britain and Northern Ireland,Her Majesties Revenue and Customs,country,Tax,USD,"7,712,109"
2015,Rio Tinto PLC,South Africa,SOUTH AFRICA NATIONAL,country,Royalties,USD,"15,512,451"
2015,Great Eastern Energy Group,India,"Treasury, Government of West Bengal",country,Royalties,USD,"1,751,555"
2015,Anglo American plc,South Africa,Dept. of social Development,country,Infrastructure,USD,"430,000"
2015,EVRAZ PLC,Russian Federation,Regional government (IFNS #1 Tuva Republic Kyzyl city - administraziya Tandinskogo kozhuuna I administraziya Kyzylskogo Kozhuuna),country,Tax,USD,"81,654"
2015,Rio Tinto PLC,Colombia,COLUMBIA NATIONAL,country,Tax,USD,"341,011"
2015,EVRAZ PLC,Russian Federation,"Local government (IFNS#13, Novokuznetskiy rayon, administraziya novokuznetskogo rayona)",country,Fees,USD,"198,955"
2015,Petrofac,Malaysia,Inland Revenue Board,country,Tax,USD,"1,555,000"
2015,Anglo American plc,South Africa,Batho Pele Health Units (Revamp),country,Infrastructure,USD,"1,290,000"
2015,FRESNILLO PLC,Mexico,National Water Commission,country,Fees,USD,"5,248,451"
2015,Seplat Petroleum,Nigeria,Department of Petroleum Resources,country,Royalties,USD,"106,900,097"
2015,Total Sa,United States of America,State of Ohio,country,Tax,USD,"3,356,000"
2015,Anglo American plc,Canada,Fort Albany First Nation,country,Infrastructure,USD,"636,646"
2015,ROYAL DUTCH SHELL PLC,New Zealand,INLAND REVENUE DEPARTMENT,country,Tax,USD,"58,845,962"
2015,Tullow Oil PLC,United Kingdom of Great Britain and Northern Ireland,Department of Energy & Climate Change,country,Infrastructure,USD,"101,620"
2015,BG Group Ltd,United Kingdom of Great Britain and Northern Ireland,Health and Safety Executive,country,Fees,USD,"324,000"
2015,Tullow Oil PLC,Guinea,Minestere des mines et de la geologie,country,Fees,USD,"75,087"
2015,BP P.L.C.,Trinidad and Tobago,Ministry of Energy & Energy Affairs,country,Tax,USD,"20,566,500"
2015,BP P.L.C.,Argentina,Administracion Federal de Ingresos Publicos (AFIP),country,Tax,USD,"158,883"
2015,Total Sa,Argentina,Provincia del Neuquen,country,Tax,USD,"25,310,000"
2015,Acacia Mining,South Africa,South Africa,country,Tax,USD,"993,000"
2015,Tullow Oil PLC,Netherlands,Belastingdienst,country,Fees,USD,"65,119"
2015,Glencore plc,Chad,Chad - National,country,Bonuses,USD,"4,000,000"
2015,KAZ Minerals PLC,Kyrgyzstan,Kyrgyzstan State Tax Administration,country,Tax,USD,137
2015,KAZ Minerals PLC,Kyrgyzstan,Kyrgyzstan Local Authority - Alabuka Region,country,Infrastructure,USD,430
2015,Tullow Oil PLC,Ghana,Ghana National Petroleum Corporation,country,Production Entitlements,USD,"44,466,150"
2015,ROYAL DUTCH SHELL PLC,Gabon,COMMUNE DE GAMBA.,country,Infrastructure,USD,"16,791,230"
2015,Perenco Overseas Holdings Limited,Viet Nam,Petrovietnam Exploration Production Corporation Ltd,country,Royalties,USD,"29,116,040"
2015,BP P.L.C.,Australia,Department of Industry,country,Royalties,USD,"129,922,977"
2015,Anglo American plc,Brazil,Municipality of Conceição do Mato Dentro,country,Infrastructure,USD,"12,376,651"
2015,Anglo American plc,Zambia,Zambia Mines Development Department,country,Fees,USD,"205,000"
2015,EVRAZ PLC,Russian Federation,Local government (IFNS Roissii po Neryungrinskomu rayonu Republic Saha (Yakutiya)),country,Fees,USD,"4,666"
2015,BG Group Ltd,"Bolivia, Plurinational State of",National General Treasury,country,Royalties,USD,"13,344,000"
2015,Tullow Oil PLC,Jamaica,Petroleum Corporation of Jamaica,country,Fees,USD,"128,261"
2015,BP P.L.C.,United States of America,State of Alaska,country,Fees,USD,"304,920"
2015,Tullow Oil PLC,Norway,Norwegian Petroleum Directorate,country,Fees,USD,"1,369,984"
2015,Tullow Oil PLC,Equatorial Guinea,"Republica de Guinea Ecuatorial, Ministeria de Hacienda y Presupuestas",country,Tax,USD,"37,380,751"
2015,Rio Tinto PLC,Australia,NEW SOUTH WALES GOVERNMENT,country,Royalties,USD,"145,160,506"
2015,Tullow Oil PLC,Madagascar,OMNIS,country,Fees,USD,"300,000"
2015,ROYAL DUTCH SHELL PLC,Nigeria,FEDERAL INLAND REVENUE SERVICE (FIRS),country,Tax,USD,"457,824,860"
2015,Total Sa,Egypt,Egyptian Natural Gas Holding Company,country,Fees,USD,"3,505,000"
2015,Anglo American plc,Canada,North West Terrotories Metis Nation,country,Infrastructure,USD,"203,272"
2015,Rio Tinto PLC,Mongolia,KHANBOGD SUM,country,Fees,USD,"7,560,161"
2015,Tullow Oil PLC,Gabon,Gabonese Public Treasury - Ministry of Finance,country,Royalties,USD,"1,105,736"
2015,ROYAL DUTCH SHELL PLC,Egypt,EGYPTIAN GENERAL PETROLEUM CORPORATION,country,Bonuses,USD,"100,000,000"
2015,Trans-Siberian Gold plc,Russian Federation,Russian Federation,country,Fees,USD,"618,234"
2015,Glencore plc,Australia,Australia - Regional - Western Australia,country,Royalties,USD,"12,548,346"
2015,KAZ Minerals PLC,Kazakhstan,Kazakhstan State Revenue Committee,country,Tax,USD,"12,594"
2015,Hochschild Mining plc,Peru,Superintendencia Nacional de Administración Tributaria,country,Tax,USD,"3,944,634"
2015,Total Sa,Congo,Trésor Public,country,Fees,USD,"9,598,000"
2015,Rio Tinto PLC,United States of America,UTAH GOVERNMENT,country,Royalties,USD,"6,024,609"
2015,ROYAL DUTCH SHELL PLC,Italy,TESORERIA PROVINCIALE DELLO STATO,country,Tax,USD,"102,686,074"
2015,Anglo American plc,Canada,Receiver General of Canada - Federal,country,Fees,USD,"14,134"
2015,Glencore plc,Chile,Chile - National,country,Fees,USD,"739,000"
2015,PetroLatina Energy Ltd. (consolidated group),Colombia,ANH-AGENCIA NACIONAL DE HIDROCARBUROS,country,Royalties,USD,"340,287"
2015,BP P.L.C.,United States of America,State of Texas,country,Tax,USD,"26,653,534"
2015,EVRAZ PLC,Ukraine,Local government (Upravlenie gosudarstvennoy kaznacheyskoy sluzhby Ukrainy in Zhovtnevom rayone goroda Krivogo Roga),country,Tax,USD,"5,967,137"
2015,Acacia Mining PLC,Kenya,Name for Kenya National Recipient,country,Tax,USD,"578,000"
2015,Tullow Oil PLC,Uganda,Uganda Revenue Authority,country,Tax,USD,"33,683,871"
2015,ROYAL DUTCH SHELL PLC,China,CHINA NATIONAL PETROLEUM CORPORATION,country,Production Entitlements,USD,"2,428,014"
2015,ROYAL DUTCH SHELL PLC,Argentina,BANCO PROVINCIA DEL NEUQUEN SA,country,Royalties,USD,"4,239,029"
2015,BP P.L.C.,United States of America,State of New Mexico,country,Tax,USD,"18,759,748"
2015,Ferrexpo PLC,Ukraine,State treasury: regional budget,country,Royalties,USD,"2,530,337"
2015,Glencore plc,Australia,Australia - Regional - New South Wales,country,Royalties,USD,"233,845,673"
2015,Glencore plc,Burkina Faso,Burkina Faso - National,country,Royalties,USD,"1,696,000"
2015,Glencore plc,Argentina,Argentina - National,country,Tax,USD,"7,159,000"
2015,BG Group Ltd,Australia,Toowoomba Regional Council,country,Infrastructure,USD,"846,000"
2015,Anglo American plc,Canada,Yellowknives Dene First Nation,country,Infrastructure,USD,"231,689"
2015,Tullow Oil PLC,Equatorial Guinea,"Republic of Equatorial Guinea, Ministry of Mines, Industry and Energy ",country,Production Entitlements,USD,"23,185,210"
2015,Rio Tinto PLC,Mongolia,ULAANBATAAR CITY,country,Fees,USD,"509,182"
2015,Tullow Oil PLC,Gabon,Gabonese Public Treasury - Ministry of Finance,country,Bonuses,USD,"20,000,000"
2015,ROYAL DUTCH SHELL PLC,Jordan,MINISTRY OF ENERGY AND MINERAL RESOURCES,country,Bonuses,USD,"3,000,000"
2015,Ferrexpo PLC,Ukraine,State treasury: state budget,country,Tax,USD,"6,834,467"
2015,FRESNILLO PLC,Mexico,Ministry of Economics,country,Fees,USD,"16,866,298"
2015,Polymetal Intl Plc,Kazakhstan,Kazakhstan,country,Royalties,USD,"1,093,000"
2015,Seplat Petroleum,Nigeria,Nigerian Content Development and Monitoring Board,country,Fees,USD,"4,221,594"
2015,Anglo American plc,Chile,Chilean Municipalities,country,Infrastructure,USD,"5,690,401"
2015,BG Group Ltd,Egypt,Egyptian Tax Authority,country,Tax,USD,"14,315,000"
2015,Acacia Mining PLC,Kenya,Name for Kenya National Recipient,country,Fees,USD,"66,000"
2015,Glencore plc,Australia,Australia - Local - Singleton Shire Council,country,Infrastructure,USD,"17,049,835"
2015,Acacia Mining,"Tanzania, United Republic of",Tanzania,country,Tax,USD,"5,896,000"
2015,Anglo American plc,South Africa,Joe-Morolong Mun. Road N14-Ganghaai,country,Infrastructure,USD,"782,000"
2015,Cadogan Petroleum PLC,Ukraine,Ukraine,country,Tax,USD,"1,204,672"
2015,Anglo American plc,South Africa,Ga-Segonyana Mun. Kagung Roads,country,Infrastructure,USD,"444,000"
2015,Tullow Oil PLC,Madagascar,Ministry of Finances,country,Tax,USD,105
2015,Rio Tinto PLC,South Africa,SOUTH AFRICA NATIONAL,country,Tax,USD,"75,352,135"
2015,ROYAL DUTCH SHELL PLC,Australia,AUSTRALIAN TAXATION OFFICE,country,Tax,USD,"757,694,007"
2015,Acacia Mining,United Kingdom of Great Britain and Northern Ireland,United Kingdom of Great Britain and Northern Ireland,country,Tax,USD,"4,353,000"
2015,Anglo American plc,South Africa,Ga-Segonyana Mun. Mogojaneng Roads,country,Infrastructure,USD,"444,000"
2015,BP P.L.C.,"Venezuela, Bolivarian Republic of",SENIAT,country,Tax,USD,"202,460"
2015,BG Group Ltd,Egypt,Egyptian General Petroleum Company,country,Production Entitlements,USD,"477,019,000"
2015,Tullow Oil PLC,United Kingdom of Great Britain and Northern Ireland,Department of Energy & Climate Change,country,Fees,USD,"12,328"
2015,Tullow Oil PLC,Mauritania,Mauritanian Finance Ministry & Direction of Environmental Commission,country,Fees,USD,"19,650"
2015,EVRAZ PLC,Russian Federation,Regional government (Kemerovskaya oblast),country,Tax,USD,"697,713"
2015,Rio Tinto PLC,Canada,NORTH WEST TERRITORIES GOVERNMENT,country,Tax,USD,"29,653,616"
2015,Tullow Oil PLC,United Kingdom of Great Britain and Northern Ireland,Department of Energy & Climate Change,country,Fees,USD,"89,587"
2015,Total Sa,Azerbaijan,Ministry of Taxes of the Republic of Azerbaijan,country,Tax,USD,"1,619,000"
2015,Anglo American plc,South Africa,The Development Bank of Southern Africa,country,Infrastructure,USD,"836,708"
2015,EVRAZ PLC,Russian Federation,Federal government (IFNS#13 Novokuznetskiy rayon),country,Fees,USD,"3,810"
2015,Anglo American plc,Canada,Government of the NWT - State,country,Fees,USD,"133,044"
2015,Rio Tinto PLC,Australia,TOWN OF PORT HEADLAND,country,Fees,USD,"327,400"
2015,Total Sa,United States of America,Texas State Comptroller’s Office,country,Tax,USD,"1,709,000"
2015,FRESNILLO PLC,Mexico,National Forestry Commission,country,Fees,USD,"1,589,550"
2015,Anglo American plc,South Africa,Govan Mbeki & Lekwa Local Municipality,country,Infrastructure,USD,"15,698,002"
2015,ROYAL DUTCH SHELL PLC,Canada,ALBERTA PETROLEUM MARKETING COMMISSION,country,Royalties,USD,"-657,433"
2015,ROYAL DUTCH SHELL PLC,Philippines,PNOC EXPLORATION CORPORATION,country,Production Entitlements,USD,"92,466,143"
2015,JKX Oil & Gas plc,Ukraine,State treasury: State budget,country,Royalties,USD,"30,049,000"
2015,Tullow Oil PLC,Kenya,Ministry of Energy,country,Fees,USD,"158,100"
2015,Nord Gold SE,Russian Federation,Federal Treasury of the Russian Federation (federal level),country,Tax,USD,"22,428,365"
2015,EVRAZ PLC,Russian Federation,Federal government (IFNS #13 Tuva Republic.),country,Fees,USD,"16,233"
2015,ROYAL DUTCH SHELL PLC,United States of America,COMMISSIONER OF THE GENERAL LAND,country,Fees,USD,"466,563"
2015,BP P.L.C.,Indonesia,Ministry of Finance,country,Production Entitlements,USD,"500,632,395"
2015,Total Sa,Gabon,Ville de Port-Gentil,country,Fees,USD,"1,064,000"
2015,Anglo American plc,South Africa,Limpopo Department of health,country,Infrastructure,USD,"105,000"
2015,Hunting Plc,United States of America,State of Montana,country,Tax,USD,"6,624"
2015,Acacia Mining,United Kingdom of Great Britain and Northern Ireland,United Kingdom of Great Britain and Northern Ireland,country,Tax,USD,"-304,000"
2015,Anglo American plc,Chile,Lo Barnechea Municipal,country,Fees,USD,"651,689"
2015,Tullow Oil PLC,Gabon,Gabonese Public Treasury - Ministry of Finance,country,Tax,USD,"2,121,853"
2015,Rio Tinto PLC,Australia,QUEENSLAND GOVERNMENT,country,Royalties,USD,"150,275,682"
2015,BG Group Ltd,Brazil,Secretaria da Receita Federal do Brasil,country,Royalties,USD,"537,757,000"
2015,Polymetal Intl Plc,Russian Federation,Russia,country,Fees,USD,"1,105,000"
2015,FRESNILLO PLC,Mexico,Ministry of Economics,country,Tax,USD,"5,233,958"
2015,Anglo American plc,South Africa,Other,country,Infrastructure,USD,"126,000"
2015,Hunting Plc,United States of America,State of Louisiana,country,Tax,USD,"6,969"
2015,Petrofac,Tunisia,Monsieur le Receveur des Finances du Lac,country,Fees,USD,"6,000"
2015,Total Sa,Argentina,Provincia del Neuquen,country,Fees,USD,"1,290,000"
2015,Anglo American plc,South Africa,North West: Department of Health,country,Infrastructure,USD,"243,000"
2015,ROYAL DUTCH SHELL PLC,Malaysia,PETRONAS CARIGALI SDN BHD (KL),country,Production Entitlements,USD,"565,725,964"
2015,Hunting Plc,United States of America,State of Louisiana,country,Royalties,USD,"105,549"
2015,Total Sa,Brunei Darussalam,Brunei Government,country,Fees,USD,"13,000"
2015,Anglo American plc,Canada,Yellowknives Dene First Nation - Other,country,Fees,USD,"218,920"
2015,Anglo American plc,Australia,Queensland - State,country,Fees,USD,"3,131,619"
2015,Anglo American plc,Brazil,Goias - Municipal,country,Fees,USD,"145,887"
2015,Anglo American plc,Brazil,Other - Other,country,Fees,USD,"242,454"
2015,Tullow Oil PLC,Gabon,Gabonese Public Treasury - Ministry of Finance,country,Tax,USD,"15,775,329"
2015,EVRAZ PLC,Russian Federation,Local government (MRI FNS Rossii po Sverdlovskoy oblasti #27),country,Fees,USD,"963,628"
2015,Ferrexpo PLC,Ukraine,State treasury: local budget,country,Royalties,USD,"1,153"
2015,Anglo American plc,Canada,Deninu Kué First Nation - Other,country,Fees,USD,"195,464"
2015,ROYAL DUTCH SHELL PLC,Argentina,PROVINCIA DEL NEUQUEN ADMINISTRACIO - MINISTERIO DE ECONOMIA,country,Fees,USD,"236,684"
2015,Anglo American plc,Canada,Fort Albany First Nation - Other,country,Fees,USD,"569,348"
2015,EVRAZ PLC,Russian Federation,Federal government (MI FNS po krupneishim nalogoplatelschikam #5),country,Tax,USD,"12,023,754"
2015,Anglo American plc,Canada,North West Territory Métis Nation - Other,country,Fees,USD,"195,464"
2015,Tullow Oil PLC,Netherlands,Belastingdienst,country,Tax,USD,"-5,755,167"
2015,Tullow Oil PLC,Norway,Norwegian Petroleum Directorate,country,Fees,USD,"1,002,241"
2015,EVRAZ PLC,Russian Federation,Local government (MKU ""KUI Administraziya GO ""Gorod Lesnoy""),country,Fees,USD,"5,740"
2015,BP P.L.C.,Azerbaijan,State Oil Company of Azerbaijan Republic (SOCAR),country,Production Entitlements,USD,"191,289,432"
2015,Premier Oil Plc,Pakistan,Directorate General of Petroleum Concession,country,Royalties,USD,"9,101,000"
2015,Rio Tinto PLC,United States of America,UTAH GOVERNMENT,country,Tax,USD,"-6,741,332"
2015,PetroLatina Energy Ltd. (consolidated group),Colombia,DIRECCION DE IMPUESTOS Y ADUANAS NACIONALES,country,Tax,USD,"11,946,476"
2015,ROYAL DUTCH SHELL PLC,Italy,MARSICO NUOVO MUNICIPALITY,country,Royalties,USD,"751,340"
2015,Perenco Overseas Holdings Limited,Viet Nam,Government Treasury HCMC,country,Tax,USD,"98,407,194"
2015,Anglo American plc,Canada,Tlácho Government -Other,country,Fees,USD,"709,083"
2015,Tullow Oil PLC,Gabon,Gabonese Public Treasury - Ministry of Finance,country,Royalties,USD,"3,235,887"
2015,EVRAZ PLC,Russian Federation,Federal government (IFNS #13 Tuva Republic.),country,Tax,USD,"54,436"
2015,BP P.L.C.,Azerbaijan,Azerbaijan (Shah Deniz) Ltd. (SOCAR subsidiary),country,Production Entitlements,USD,"104,723,448"
2015,Anglo American plc,United States of America,Bureau of Land Management,country,Fees,USD,"162,495"
2015,Nord Gold SE,Kazakhstan,State Revenue Committee of the Republic of Kazakhstan (federal level),country,Tax,USD,"9,828,257"
2015,Tullow Oil PLC,Pakistan,Ministry of petroleum & natural resources,country,Infrastructure,USD,"4,000"
2015,EVRAZ PLC,Russian Federation,Local government (Gurevsk city),country,Fees,USD,"260,388"
2015,Tullow Oil PLC,Pakistan,Ministry of petroleum & natural resources,country,Infrastructure,USD,"3,000"
2015,Total Sa,France,Trésor Public,country,Tax,USD,"5,102,000"
2015,Anglo American plc,Canada,Lutsel K’e and Kache Dene First Nation,country,Infrastructure,USD,"555,663"
2015,Anglo American plc,Chile,Tesorería General de la República - Nacional,country,Tax,USD,"30,135,415"
2015,Anglo American plc,South Africa,Gamagara Mun. Mapoteng Roads,country,Infrastructure,USD,"778,000"
2015,Anglo American plc,South Africa,South African Revenue Service - Federal,country,Tax,USD,"38,671,272"
2015,Total Sa,Nigeria,"Nigerian Maritime Administration & Safety Agency, Federal Government of Nigeria",country,Fees,USD,"5,040,000"
2015,Anglo American plc,Canada,Tlácho Government- Other,country,Infrastructure,USD,"646,236"
2015,Anglo American plc,South Africa,South African Revenue Service - State,country,Tax,USD,"156,900,475"
2015,Rio Tinto PLC,Australia,QUEENSLAND GOVERNMENT,country,Fees,USD,"4,975,136"
2015,Tullow Oil PLC,Mozambique,Ministério das Finanças,country,Tax,USD,830
2015,Tullow Oil PLC,Mauritania,Mauritanian Finance Ministry & Direction of Environmental Commission,country,Fees,USD,"26,450"
2015,EVRAZ PLC,Russian Federation,Local government (Tashtagol city),country,Fees,USD,"1,333,528"
2015,EVRAZ PLC,Russian Federation,Local government (Mestnaya administraziya Tandinskogo kozhuuna I administraziya Kyzylskogo Kozhuuna),country,Fees,USD,"71,442"
2015,Tullow Oil PLC,Gabon,Gabonese Public Treasury - Ministry of Finance,country,Royalties,USD,"157,462"
2015,Rio Tinto PLC,Australia,AUSTRALIA FEDERAL,country,Fees,USD,"667,728"
2015,Anglo American plc,Brazil,Goias - State,country,Royalties,USD,"1,768,175"
2015,EVRAZ PLC,Russian Federation,Local government (Department Minprirody po Lesnym otnosheniyam Republic Saha (Yakutiaya)),country,Fees,USD,663
2015,Anglo American plc,Australia,New South Wales - State,country,Royalties,USD,"12,630,585"
2015,EVRAZ PLC,Russian Federation,Federal government (MRI FNS #2 po krupneyshim nalogoplatelschikam kemerovskoy oblasti),country,Tax,USD,"4,860,485"
2015,BG Group Ltd,"Bolivia, Plurinational State of",Internal Revenue Services,country,Tax,USD,"61,788,000"
2015,Rio Tinto PLC,Canada,CANADA FEDERAL,country,Tax,USD,"23,588,744"
2015,Anglo American plc,Canada,Ministry of Finance - State,country,Royalties,USD,"11,310,290"
2015,BP P.L.C.,Angola,Sonangol EP (Concessionaire),country,Bonuses,USD,"48,285,714"
2015,EVRAZ PLC,Russian Federation,Federal government (MRI FNS #2 po krupneyshim nalogoplatelschikam kemerovskoy oblasti),country,Fees,USD,"6,301"
2015,Tullow Oil PLC,Gabon,Gabonese Public Treasury - Ministry of Finance,country,Royalties,USD,"1,303,643"
2015,ROYAL DUTCH SHELL PLC,China,CHINA NATIONAL OFFSHORE OIL CORPORATION,country,Bonuses,USD,"250,000"
2015,Rio Tinto PLC,Argentina,ARGENTINA NATIONAL,country,Tax,USD,"399,739"
2015,Anglo American plc,South Africa,South African Revenue Service - Federal,country,Royalties,USD,"26,192,420"
2015,BP P.L.C.,United States of America,State of Alaska,country,Royalties,USD,"60,569,880"
2015,BP P.L.C.,United Arab Emirates,Department of Finance Abu Dhabi,country,Tax,USD,"827,211"
2015,EVRAZ PLC,Russian Federation,Federal government (Department lesnogo kompleksa kemerovskoy oblasti),country,Fees,USD,"642,053"
2015,Anglo American plc,South Africa,South African Revenue Service - State,country,Royalties,USD,"55,683,898"
2015,BP P.L.C.,United States of America,State of Alaska,country,Royalties,USD,"193,433,166"
2015,BP P.L.C.,Angola,Sonangol P&P,country,Production Entitlements,USD,"1,120,970,163"
2015,Exillon Energy Plc,Russian Federation,Federal Customs Service,country,Royalties,USD,"26,262,000"
2015,Total Sa,Gabon,Direction Générale des Hydrocarbures,country,Bonuses,USD,"1,045,000"
2015,EVRAZ PLC,Russian Federation,Regional government (Department lesnogo kompleksa kemerovskoy oblasti),country,Fees,USD,"1,032,742"
2015,Anglo American plc,Brazil,Secretaria da Receita Federal do Brasil - Federal,country,Royalties,USD,"3,522,613"
2015,BP P.L.C.,Australia,Australian Taxation Office,country,Tax,USD,"71,122,427"
2015,Total Sa,"Bolivia, Plurinational State of",Servicio de Impuestos Nacionales (SIN),country,Tax,USD,"24,464,000"
2015,Petropavlovsk Plc,Russian Federation,Regional - Amur Region,country,Fees,USD,"1,046,000"
2015,EVRAZ PLC,Russian Federation,Local government (Komitet po imuschestvu goroda Mezhdurechenska),country,Fees,USD,"5,162,782"
2015,Tullow Oil PLC,Gabon,Gabonese Public Treasury - Ministry of Finance,country,Royalties,USD,"3,013,410"
2015,Rio Tinto PLC,Australia,AUSTRALIA FEDERAL,country,Tax,USD,"1,926,487,154"
2015,BP P.L.C.,Angola,Ministry of Petroleum,country,Tax,USD,"9,063,013"
2015,Anglo American plc,Chile,Servicio de Impuestos Internos - Nacional,country,Tax,USD,"69,247,341"
2015,Nord Gold SE,Burkina Faso,Direction Générale du Trésor et de la Comptabilité Publique (federal level),country,Tax,USD,"16,748,958"
2015,BP P.L.C.,United States of America,Office of Natural Resources Revenue - BIA,country,Royalties,USD,"1,200,349"
2015,BP P.L.C.,Angola,Finance Ministry,country,Tax,USD,"623,149,076"
2015,Randgold Resources,Mali,Ministère de l'Economie et des Finances - Direction des Grandes Enterprises,country,Royalties,USD,"21,422,034"
2015,Seplat Petroleum,Nigeria,Department of Petroleum Resources,country,Fees,USD,"879,306"
2015,ROYAL DUTCH SHELL PLC,Gabon,TRESORIER PAY.GEN. DU GABON,country,Royalties,USD,"63,593,392"
2015,Anglo American plc,Zimbabwe,Minerals Marketing Corporation of Zimbabwe - State,country,Royalties,USD,"2,489,139"
2015,Ophir Energy Plc,Thailand,Thailand,country,Royalties,USD,"22,131,000"
2015,Total Sa,Colombia,Dirección de Impuestos y aduanas Nacionales,country,Tax,USD,"907,000"
2015,EVRAZ PLC,Russian Federation,Federal government (IFNS#5),country,Tax,USD,"245,442"
2015,Glencore plc,"Congo, the Democratic Republic of the",DRC - National,country,Tax,USD,"176,646,000"
2015,PetroLatina Energy Ltd. (consolidated group),Colombia,ANH-AGENCIA NACIONAL DE HIDROCARBUROS,country,Royalties,USD,"8,091,881"
2015,Cairn Energy PLC,Greenland,Mineral Licence and Safety Authority,country,Fees,USD,"27,061"
2015,ROYAL DUTCH SHELL PLC,Malaysia,KETUA PENGARAH HASIL DALAM NEGERI,country,Tax,USD,"170,964,023"
2015,Perenco (Oil & Gas) International Limited,Turkey,Ministry of Finance,country,Tax,USD,"29,747,399"
2015,EVRAZ PLC,Russian Federation,Regional government (IFNS#5),country,Tax,USD,"536,268"
2015,EVRAZ PLC,Russian Federation,Local government (IFNS#5 Osinniki),country,Fees,USD,"709,237"
2015,ROYAL DUTCH SHELL PLC,Oman,OMAN - MINISTRY OF FINANCE,country,Tax,USD,"2,089,920,954"
2015,Randgold Resources,Cote d'Ivoire,Ministère de l'Industrie et des Mines,country,Fees,USD,"308,188"
2015,ROYAL DUTCH SHELL PLC,United States of America,PA DEPARTMENT OF TRANSPORTATION,country,Fees,USD,"700,000"
2015,ROYAL DUTCH SHELL PLC,Norway,PETORO AS,country,Production Entitlements,USD,"1,892,922,939"
2015,Acacia Mining,Kenya,Kenya,country,Tax,USD,"255,000"
2015,ROYAL DUTCH SHELL PLC,Brazil,PETROLEO BRASILEIRO S A,country,Fees,USD,"262,162"
2015,Exillon Energy Plc,Russian Federation,Regional budget of the Komi Republic,country,Tax,USD,"178,000"
2015,ROYAL DUTCH SHELL PLC,Malaysia,PETROLIAM NASIONAL BERHAD,country,Fees,USD,"35,000,000"
2015,Randgold Resources,Cote d'Ivoire,Infrastructure expenditure (a),country,Infrastructure,USD,"172,000"
2015,ROYAL DUTCH SHELL PLC,Malaysia,PETROLIAM NASIONAL BERHAD,country,Production Entitlements,USD,"1,490,806,283"
2015,Total Sa,Uruguay,Administracion Nacional de Combustibles Alcohol y Portland,country,Fees,USD,"223,000"
2015,ROYAL DUTCH SHELL PLC,Malaysia,PETROLIAM NASIONAL BERHAD,country,Production Entitlements,USD,"482,567,042"
2015,Total Sa,United States of America,State of Texas,country,Royalties,USD,"261,000"
2015,ROYAL DUTCH SHELL PLC,Malaysia,PETROLIAM NASIONAL BERHAD,country,Royalties,USD,"140,732,278"
2015,Acacia Mining,Kenya,Kenya,country,Tax,USD,"187,000"
2015,ROYAL DUTCH SHELL PLC,Malaysia,PETRONAS CARIGALI SDN BHD (KL),country,Production Entitlements,USD,"884,382,103"
2015,Hunting Plc,United States of America,US Government,country,Tax,USD,"24,654"
2015,Goldbridges Global Resources Plc,Kazakhstan,Kazakhstan,country,Bonuses,USD,263
2015,ROYAL DUTCH SHELL PLC,Canada,PROVINCIAL TREASURER OF ALBERTA,country,Fees,USD,"26,204,584"
2015,Goldbridges Global Resources Plc,Kazakhstan,Kazakhstan,country,Tax,USD,"2,963"
2015,ROYAL DUTCH SHELL PLC,Qatar,QATAR PETROLEUM,country,Production Entitlements,USD,"452,582,830"
2015,Genel Energy Plc,Iraq,Kurdistan Region of Iraq,country,Production Entitlements,USD,"1,151,960,000"
2015,ROYAL DUTCH SHELL PLC,Qatar,QATAR PETROLEUM,country,Tax,USD,"520,599,000"
2015,Tullow Oil PLC,Gabon,Gabonese Public Treasury - Ministry of Finance,country,Royalties,USD,"706,470"
2015,Rio Tinto PLC,Chile,CHILE NATIONAL,country,Fees,USD,"555,753"
2015,ROYAL DUTCH SHELL PLC,Canada,ROYAL TRUST CORPORATION OF CANADA - FORT MCKAY FIRST NATION,country,Fees,USD,"2,164,413"
2015,Vedanta Resources,Ireland,Office of the Revenue Commissioners Ireland,country,Tax,USD,"-410,000"
2015,ROYAL DUTCH SHELL PLC,Indonesia,BPN 019 DITJEN MIGAS VALAS,country,Bonuses,USD,"1,000,000"
2015,ROYAL DUTCH SHELL PLC,Canada,RECEIVER GENERAL FOR CANADA,country,Fees,USD,"3,308,335"
2015,Hunting Plc,United States of America,State of Texas,country,Tax,USD,"64,690"
2015,Exillon Energy Plc,Russian Federation,Municipality of Kondinskiy Region,country,Fees,USD,"8,000"
2015,ROYAL DUTCH SHELL PLC,Brunei Darussalam,BRUNEI NATIONAL PETROLEUM COMPANY,country,Fees,USD,"300,277"
2015,ROYAL DUTCH SHELL PLC,Canada,RECEIVER GENERAL FOR CANADA,country,Royalties,USD,"9,732,667"
2015,Hunting Plc,United States of America,US Government,country,Royalties,USD,"481,181"
2015,Petrofac,Tunisia,L'Entreprise Tunisienne d'Activités Pétrolières,country,Royalties,USD,"273,000"
2015,ROYAL DUTCH SHELL PLC,Canada,RECEIVER GENERAL FOR CANADA,country,Tax,USD,"2,811,449"
2015,JKX Oil & Gas plc,Ukraine,State treasury: State budget,country,Tax,USD,"696,000"
2015,ROYAL DUTCH SHELL PLC,Denmark,TAX AUTHORITIES,country,Tax,USD,"545,571,528"
2015,ROYAL DUTCH SHELL PLC,Norway,SKATTEOPPKREVEREN I SOLA,country,Tax,USD,"2,153,200"
2015,ROYAL DUTCH SHELL PLC,Australia,DEPARTMENT OF INDUSTRY,country,Fees,USD,"208,637"
2015,ROYAL DUTCH SHELL PLC,United States of America,STATE OF WYOMING,country,Tax,USD,"19,407,697"
2015,Total Sa,Italy,Regione Basilicata,country,Fees,USD,"139,000"
2015,ROYAL DUTCH SHELL PLC,Norway,STATOIL ASA,country,Production Entitlements,USD,"1,115,666,182"
2015,Seplat Petroleum,Nigeria,Federal Inland Revenue Service,country,Fees,USD,"150,484"
2015,ROYAL DUTCH SHELL PLC,Germany,TAX AUTHORITIES HAMBURG,country,Tax,USD,"4,404,123"
2015,Exillon Energy Plc,Russian Federation,Federal Agency for State Property Management (Rosimushchestvo) in Khanty-Mansiysk Autonomous District,country,Fees,USD,"37,000"
2015,ROYAL DUTCH SHELL PLC,Canada,SUCKER CREEK FIRST NATION,country,Fees,USD,"243,922"
2015,Total Sa,United States of America,City of North Richland Hills,country,Royalties,USD,"149,000"
2015,ROYAL DUTCH SHELL PLC,United States of America,SUSQUEHANNA RIVER BASIN COMMISSION,country,Fees,USD,"758,579"
2015,Polymetal Intl Plc,Kazakhstan,Kazakhstan,country,Fees,USD,"107,000"
2015,ROYAL DUTCH SHELL PLC,United States of America,TEXAS GENERAL LAND OFFICE,country,Fees,USD,"452,264"
2015,Vedanta Resources,India,"Toothukudi City Municipal Corporation, Government of Tamil Nadu",country,Fees,USD,"90,000"
2015,ROYAL DUTCH SHELL PLC,United States of America,THE UNIVERSITY OF TEXAS SYSTEM,country,Fees,USD,"773,220"
2015,ROYAL DUTCH SHELL PLC,United States of America,"DIRECTOR, DIVISION OF OIL AND GAS",country,Fees,USD,"202,840"
2015,Premier Oil Plc,Brazil,National Petroleum Agency,country,Fees,USD,"135,000"
2015,ROYAL DUTCH SHELL PLC,Gabon,TRESORIER PAY.GEN. DU GABON,country,Bonuses,USD,"1,200,000"
2015,ROYAL DUTCH SHELL PLC,Norway,DIREKTORATET FOR SAMFUNNSSIKKERHET,country,Fees,USD,"453,596"
2015,Total Sa,"Congo, the Democratic Republic of the",Ministère de l’Environnement,country,Fees,USD,"150,000"
2015,ROYAL DUTCH SHELL PLC,Gabon,TRESORIER PAY.GEN. DU GABON,country,Fees,USD,"12,265,634"
2015,Total Sa,Kazakhstan,Aktobe Region Akimat,country,Fees,USD,"120,000"
2015,Anglo American plc,Brazil,Secretaria da Receita Federal do Brasil - Federal,country,Tax,USD,"102,096,711"
2015,ROYAL DUTCH SHELL PLC,Gabon,TRESORIER PAY.GEN. DU GABON,country,Tax,USD,"69,633,947"
2015,Anglo American plc,Brazil,Minas Gerais - State,country,Tax,USD,"2,471,055"
2015,ROYAL DUTCH SHELL PLC,Italy,VIGGIANO MUNICIPALITY,country,Royalties,USD,"6,949,895"
2015,Anglo American plc,Canada,Attawapiskat First Nation - Other,country,Fees,USD,"1,172,786"
2015,ROYAL DUTCH SHELL PLC,Italy,TESORERIA PROVINCIALE DELLO STATO,country,Royalties,USD,"31,305,835"
2015,ROYAL DUTCH SHELL PLC,Argentina,PROVINCIA DE SALTA - DIRECCIÓN DE RECURSOS TRIBUTARIOS ENERGETICOS,country,Royalties,USD,"5,338,345"
2015,Tullow Oil PLC,Netherlands,Belastingdienst,country,Fees,USD,"3,108"
2015,ROYAL DUTCH SHELL PLC,China,SICHUAN PROVINCIAL OFFICE OF STATE ADMINISTRATION OF TAXATION,country,Royalties,USD,"922,004"
2015,Nord Gold SE,Guinea,National Treasury (federal level),country,Tax,USD,"12,399,031"
2015,Soco International PLC,Congo,Republic of Congo,country,Fees,USD,"100,000"
2015,Rio Tinto PLC,United States of America,USA FEDERAL,country,Tax,USD,"-107,100,446"
2015,BP P.L.C.,United States of America,State of Alaska,country,Tax,USD,"-66,554,285"
2015,BP P.L.C.,United Arab Emirates,Department of Finance Abu Dhabi,country,Tax,USD,"1,059,269,409"
2015,Acacia Mining,"Tanzania, United Republic of",Tanzania,country,Tax,USD,"23,921,000"
2015,Acacia Mining,"Tanzania, United Republic of",Tanzania,country,Fees,USD,"996,000"
2015,BP P.L.C.,Azerbaijan,Azerbaijan (ACG) Ltd. (SOCAR subsidiary),country,Production Entitlements,USD,"534,427,799"
2015,BP P.L.C.,Azerbaijan,Azerbaijan (Shah Deniz) Ltd. (SOCAR subsidiary),country,Production Entitlements,USD,"64,891,094"
2015,BP P.L.C.,Azerbaijan,Ministry of Taxes,country,Tax,USD,"158,699,481"
2015,BP P.L.C.,Azerbaijan,Ministry of Taxes,country,Tax,USD,"78,837,706"
2015,BP P.L.C.,Azerbaijan,State Oil Fund of Azerbaijan (SOFAZ),country,Fees,USD,"2,118,000"
2015,BP P.L.C.,Azerbaijan,State Oil Fund of Azerbaijan (SOFAZ),country,Production Entitlements,USD,"322,788,426"
2015,BP P.L.C.,Brazil,"Agencia Nacional do Petroleo, Gas Natural e Biocombustíveis (ANP)",country,Fees,USD,"1,276,759"
2015,EQUION ENERGIA LIMITED,Colombia,Dirección de Impuestos y Aduanas Nacionales - DIAN,country,Tax,USD,"112,954,704"
2015,BP P.L.C.,Brazil,Petrobras,country,Fees,USD,"186,374,424"
2015,BP P.L.C.,Canada,Government of Canada,country,Fees,USD,"298,693"
2015,BP P.L.C.,Canada,Government of Canada,country,Tax,USD,"1,057,235"
2015,BP P.L.C.,Canada,Province of Alberta,country,Fees,USD,"396,131"
2015,EQUION ENERGIA LIMITED,Colombia,Agencia Nacional de Hidrocarburos - ANH,country,Royalties,USD,"158,487,278"
2015,BP P.L.C.,Canada,Province of Alberta,country,Royalties,USD,"235,197"
2015,BP P.L.C.,Canada,Province of Alberta,country,Tax,USD,"424,081"
2015,BP P.L.C.,Canada,Province of British Columbia,country,Royalties,USD,"152,035"
2015,BP P.L.C.,Algeria,Ministere des Finances - Direction Generale des Impots,country,Tax,USD,"11,348,212"
2015,BG Group Ltd,Thailand,Department of Minerals Fuels,country,Royalties,USD,"77,911,000"
2015,BP P.L.C.,Algeria,Ministere des Finances - Direction Generale des Impots,country,Tax,USD,"122,610,870"
2015,BG Group Ltd,Trinidad and Tobago,Ministry of Energy and Energy Industries,country,Fees,USD,"6,740,000"
2015,BP P.L.C.,Egypt,Egyptian General Petroleum Corporation (EGPC),country,Bonuses,USD,"2,200,000"
2015,BP P.L.C.,Egypt,Egyptian Natural Gas Holding Company (EGAS),country,Bonuses,USD,"3,475,000"
2015,BP P.L.C.,Egypt,Egyptian Natural Gas Holding Company (EGAS),country,Fees,USD,"160,000"
2015,BG Group Ltd,Tunisia,Monsieur le Receveur des Finances du Lac,country,Royalties,USD,"27,660,000"
2015,BP P.L.C.,Egypt,Egyptian Tax Authority ,country,Tax,USD,"348,107,159"
2015,BG Group Ltd,Trinidad and Tobago,Ministry of Finance - Inland Revenue Division,country,Tax,USD,"11,761,000"
2015,BP P.L.C.,United Kingdom of Great Britain and Northern Ireland,Crown Estate,country,Fees,USD,"2,054,127"
2015,BP P.L.C.,United Kingdom of Great Britain and Northern Ireland,Department of Energy and Climate Change - DECC,country,Fees,USD,"5,763,654"
2015,BP P.L.C.,United Kingdom of Great Britain and Northern Ireland,HM Revenue and Customs,country,Tax,USD,"-317,589,339"
2015,BG Group Ltd,Tunisia,Entreprise Tunisienne d’Activités Pétrolières,country,Royalties,USD,"7,199,000"
2015,BP P.L.C.,Indonesia,Ministry of Finance,country,Tax,USD,"333,849,498"
2015,BP P.L.C.,India,Income Tax Department - Government of India,country,Tax,USD,"20,995,449"
2015,BP P.L.C.,India,Ministry of Petroleum & Natural Gas - Government of India,country,Production Entitlements,USD,"2,100,677"
2015,KAZ Minerals PLC,Kazakhstan,Kazakhstan State Revenue Committee,country,Tax,USD,"33,834"
2015,BP P.L.C.,Iraq,Basra Governorate,country,Infrastructure,USD,"1,394,716"
2015,BP P.L.C.,Iraq,Ministry of Oil,country,Tax,USD,"58,959,727"
2015,BP P.L.C.,Iraq,South Oil Company,country,Fees,USD,"2,080,694"
2015,BP P.L.C.,Iraq,South Oil Company,country,Infrastructure,USD,"5,218,134"
2015,BP P.L.C.,Angola,Cunene Province,country,Infrastructure,USD,"180,000"
2015,BP P.L.C.,Libya,National Oil Corporation,country,Fees,USD,"584,575"
2015,JKX Oil & Gas plc,Slovakia,State treasury: State budget,country,Fees,USD,"173,000"
2015,BP P.L.C.,Trinidad and Tobago,Board of Inland Revenue,country,Tax,USD,"387,075,010"
2015,JKX Oil & Gas plc,Russian Federation,State treasury: State budget,country,Royalties,USD,"1,445,000"
2015,BP P.L.C.,Trinidad and Tobago,Ministry of Energy & Energy Affairs,country,Royalties,USD,"38,808,822"
2015,Glencore plc,Equatorial Guinea,Equatorial Guinea - National,country,Fees,USD,"980,000"
2015,BP P.L.C.,Angola,Finance Ministry,country,Fees,USD,"448,078"
2015,BP P.L.C.,United States of America,Office of Natural Resources Revenue - BIA,country,Fees,USD,"774,294"
2015,BP P.L.C.,United States of America,Southern Ute Indian Tribe,country,Tax,USD,"6,918,124"
2015,Glencore plc,Chad,Chad - National,country,Fees,USD,"2,604,000"
2015,BP P.L.C.,United States of America,State of Colorado,country,Royalties,USD,"555,171"
2015,BP P.L.C.,United States of America,State of New Mexico,country,Royalties,USD,"1,556,041"
2015,Ferrexpo PLC,Ukraine,State treasury: local budget,country,Tax,USD,"2,606,581"
2015,BP P.L.C.,United States of America,State of Oklahoma,country,Royalties,USD,"1,285,427"
2015,Ferrexpo PLC,Ukraine,State treasury: state budget,country,Royalties,USD,"11,182,388"
2015,Hochschild Mining plc,Argentina,Rentas Generales de la Provincia de Santa Cruz,country,Royalties,USD,"4,793,480"
2015,BP P.L.C.,United States of America,State of Oklahoma,country,Tax,USD,"10,388,060"
2015,BP P.L.C.,Viet Nam,Department of Tax,country,Tax,USD,"75,476,621"
2015,Total Sa,Mauritania,Trésor Public de Mauritanie,country,Fees,USD,"345,000"
2015,FRESNILLO PLC,Peru,Ministry of Energy and Mining,country,Fees,USD,"1,417,328"
2015,BG Group Ltd,Australia,Office of State Revenue,country,Royalties,USD,"2,936,000"
2015,BG Group Ltd,Australia,Office of State Revenue,country,Fees,USD,"793,000"
2015,BG Group Ltd,Australia,Queensland Government,country,Infrastructure,USD,"3,964,000"
2015,BP P.L.C.,United States of America,State of Colorado,country,Tax,USD,"7,888,138"
2015,BG Group Ltd,Australia,Department of Natural Resources and Mines,country,Fees,USD,"2,655,000"
2015,EnQuest PLC,Malaysia,MALAYSIAN INLAND REVENUE BOARD,country,Tax,USD,"7,766,461"
2015,BG Group Ltd,Australia,Western Downs Regional Council,country,Infrastructure,USD,"19,263,000"
2015,ROYAL DUTCH SHELL PLC,Brazil,AGENCIA NACIONAL DO PETROLEO GAS NATURAL E BIOCOMBUSTIVEIS,country,Fees,USD,"2,669,289"
2015,Rio Tinto PLC,Australia,CITY OF KARRATHA,country,Fees,USD,"104,850"
2015,BG Group Ltd,"Bolivia, Plurinational State of",Yacimientos Petroliferous Fiscales Bolivianos,country,Fees,USD,"8,241,000"
2015,BP P.L.C.,United States of America,State of Wyoming,country,Tax,USD,"17,649,564"
2015,BG Group Ltd,Brazil,Agência Nacional do Petróleo,country,Fees,USD,"771,000"
2015,BG Group Ltd,India,Income Tax Department,country,Tax,USD,"23,502,000"
2015,BG Group Ltd,India,Ministry of Petroleum and Natural Gas,country,Royalties,USD,"42,313,000"
2015,BG Group Ltd,India,Central Board of Excise and Customs,country,Royalties,USD,"12,455,000"
2015,BG Group Ltd,Kazakhstan,State Revenue Committee of the Ministry of Finance of the Republic of Kazakhstan,country,Tax,USD,"194,629,000"
2015,BG Group Ltd,"Tanzania, United Republic of",Tanzania Petroleum Development Corporation,country,Fees,USD,"537,000"
2015,BG Group Ltd,Thailand,Revenue Department,country,Tax,USD,"160,577,000"
2015,BG Group Ltd,Thailand,Ministry of Energy,country,Royalties,USD,"24,812,000"
2015,BG Group Ltd,Trinidad and Tobago,Ministry of Energy and Energy Industries,country,Production Entitlements,USD,"205,285,000"
2015,BG Group Ltd,Trinidad and Tobago,Ministry of Energy and Energy Industries,country,Royalties,USD,"5,951,000"
2015,BG Group Ltd,Trinidad and Tobago,Ministry of Finance - Inland Revenue Division,country,Royalties,USD,"454,000"
2015,BG Group Ltd,Tunisia,Monsieur le Receveur des Finances du Lac,country,Tax,USD,"66,506,000"
2015,BG Group Ltd,United Kingdom of Great Britain and Northern Ireland,Department of Energy and Climate Change,country,Fees,USD,"1,562,000"
2015,Anglo American plc,Canada,Moose Creek First Nation - Other,country,Fees,USD,"798,021"
2015,Ferrexpo PLC,Ukraine,State treasury: regional budget,country,Tax,USD,"2,852,944"
2015,Hochschild Mining plc,Peru,Superintendencia Nacional de Administración Tributaria,country,Royalties,USD,"2,279,027"
2015,Hochschild Mining plc,Peru,Instituto Geológico Minero y Metalúrgico,country,Fees,USD,"1,537,675"
2015,Hochschild Mining plc,Argentina,Tesorería General de la Provincia de Santa Cruz,country,Fees,USD,"200,421"
2015,Hochschild Mining plc,Argentina,Consejo Agrario Provincial,country,Fees,USD,"1,133,307"
2015,BG Group Ltd,"Bolivia, Plurinational State of",Ministerio de Hidrocarburos y Energía,country,Fees,USD,"249,000"
2015,Hochschild Mining plc,Argentina,Administración General de Ingresos Públicos,country,Tax,USD,"9,881,828"
2015,Hochschild Mining plc,Chile,Tesorería General de la República,country,Fees,USD,"235,204"
2015,Soco International PLC,Congo,Republic of Congo,country,Infrastructure,USD,"660,000"
2015,Anglo American plc,Brazil,Secretaria da Receita Federal do Brasil - Federal,country,Fees,USD,"303,814"
2015,ROYAL DUTCH SHELL PLC,Canada,YELLOWHEAD COUNTY,country,Fees,USD,"262,426"
2015,Soco International PLC,Congo,Democratic Republic of Congo,country,Fees,USD,"1,097,000"
2015,Glencore plc,Zambia,Zambia - National,country,Royalties,USD,"41,885,000"
2015,Total Sa,Iraq,"Ministry of Natural Resources, Erbil, Kurdistan region of Iraq",country,Fees,USD,"565,000"
2015,Cairn Energy PLC,Greenland,Mineral Licence and Safety Authority,country,Fees,USD,"50,842"
2015,ROYAL DUTCH SHELL PLC,United States of America,INTERNAL REVENUE SERVICE,country,Tax,USD,"-237,747,204"
2015,Perenco (Oil & Gas) International Limited,Turkey,Ministry of Finance,country,Royalties,USD,"18,771,170"
2015,Cairn Energy PLC,Greenland,Mineral Licence and Safety Authority,country,Fees,USD,"63,483"
2015,Cairn Energy PLC,Greenland,Mineral Licence and Safety Authority,country,Fees,USD,"63,910"
2015,Cairn Energy PLC,Ireland,"Department of Communications, Energy and Natural Resources",country,Fees,USD,"23,092"
2015,Cairn Energy PLC,Ireland,"Department of Communications, Energy and Natural Resources",country,Fees,USD,"45,368"
2015,Avocet Mining PLC,Burkina Faso,National,country,Tax,USD,"504,000"
2015,Cairn Energy PLC,Ireland,Revenue Commissioners,country,Tax,USD,343
2015,BP P.L.C.,United States of America,State of Arkansas,country,Royalties,USD,"288,694"
2015,Abu Dhabi Marine Areas Limited,United Arab Emirates,Abu Dhabi Department of Finance,country,Tax,USD,"2,960,318,035"
2015,Cairn Energy PLC,Malta,Ministry of Resources and Rural Affairs,country,Fees,USD,"550,500"
2015,Glencore plc,Canada,Canada - National,country,Tax,USD,"14,577,000"
2015,Cairn Energy PLC,United Kingdom of Great Britain and Northern Ireland,Department of Energy and Climate Change,country,Fees,USD,"41,039"
2015,Glencore plc,Canada,Canada - Regional - British Columbia,country,Fees,USD,"819,000"
2015,Cairn Energy PLC,Norway,Oljedirektoratet,country,Fees,USD,"97,707"
2015,Cairn Energy PLC,Norway,Skatteetaten,country,Tax,USD,"-51,864,778"
2015,Cairn Energy PLC,Morocco,Le Receveur de L'Administration Fiscale,country,Tax,USD,"262,452"
2015,Cairn Energy PLC,Morocco,Le Receveur de L'Administration Fiscale,country,Tax,USD,"70,297"
2015,Cairn Energy PLC,Senegal,Societe Des Petroles Du Senegal,country,Fees,USD,"107,055"
2015,Nostrum Oil & Gas PLC,Kazakhstan,Uralsk Government revenue Board,country,Production Entitlements,USD,"6,985,642"
2015,Glencore plc,Australia,Australia - Regional - Northern Territory,country,Fees,USD,"811,828"
2015,Nostrum Oil & Gas PLC,Kazakhstan,Uralsk Government revenue Board,country,Tax,USD,"39,394,305"
2015,Glencore plc,Australia,Australia - Regional - New South Wales,country,Fees,USD,"3,963,671"
2015,Nostrum Oil & Gas PLC,Kazakhstan,Uralsk Government revenue Board,country,Royalties,USD,"17,142,173"
2015,Glencore plc,Australia,Australia - Regional - Western Australia,country,Fees,USD,"2,261,311"
2015,Nostrum Oil & Gas PLC,Kazakhstan,Uralsk Government revenue Board,country,Fees,USD,"1,030,928"
2015,Glencore plc,Australia,Australia - Local -  Muswellbrook Shire Council,country,Infrastructure,USD,"1,020,979"
2015,Nostrum Oil & Gas PLC,Kazakhstan,Uralsk Government revenue Board,country,Infrastructure,USD,"300,000"
2015,Nostrum Oil & Gas PLC,Kazakhstan,Zelenov region Government revenue Board,country,Tax,USD,"1,300,964"
2015,Nostrum Oil & Gas PLC,Kazakhstan,West Kazakhstan region Department of Public revenues,country,Infrastructure,USD,"300,000"
2015,Tethys Petroleum Limited,Kazakhstan,Treasury Committee of the Ministry of Finance of Kazakhstan,country,Bonuses,USD,"306,171"
2015,BP P.L.C.,United States of America,Federal Government,country,Tax,USD,"108,302,503"
2015,Tethys Petroleum Limited,Kazakhstan,Treasury Committee of the Ministry of Finance of Kazakhstan,country,Fees,USD,"103,776"
2015,BP P.L.C.,United States of America,Office of Natural Resources Revenue,country,Royalties,USD,"480,734,249"
2015,Tethys Petroleum Limited,Kazakhstan,Treasury Committee of the Ministry of Finance of Kazakhstan,country,Infrastructure,USD,"162,829"
2015,BP P.L.C.,Trinidad and Tobago,National Gas Company of Trinidad & Tobago Ltd,country,Royalties,USD,"90,840,809"
2015,Tethys Petroleum Limited,Kazakhstan,Treasury Committee of the Ministry of Finance of Kazakhstan,country,Tax,USD,"801,828"
2015,BP P.L.C.,United States of America,Office of Natural Resources Revenue,country,Bonuses,USD,"4,850,014"
2015,Tethys Petroleum Limited,Tajikistan,Tajikistan Tax Authority,country,Tax,USD,"130,287"
2015,BP P.L.C.,United States of America,Southern Ute Indian Tribe,country,Production Entitlements,USD,"33,229,413"
2015,BP P.L.C.,Angola,Luanda Province,country,Infrastructure,USD,"325,000"
2015,Abu Dhabi Marine Areas Limited,United Arab Emirates,Abu Dhabi Department of Finance,country,Royalties,USD,"1,220,299,291"
2015,ROYAL DUTCH SHELL PLC,Canada,MINISTER OF FINANCE,country,Royalties,USD,"594,864"
2015,Perenco Overseas Holdings Limited,Viet Nam,Government Treasury BARIA VUNG TAU,country,Tax,USD,"3,556,862"
2015,EQUION ENERGIA LIMITED,Colombia,Agencia Nacional de Hidrocarburos - ANH,country,Royalties,USD,"31,560,456"
2015,Glencore plc,Equatorial Guinea,Equatorial Guinea - National,country,Tax,USD,"36,363,000"
2015,JKX Oil & Gas plc,Hungary,State treasury: State budget,country,Tax,USD,"-82,000"
2015,Tullow Oil PLC,Kenya,Kenya Revenue Authority,country,Tax,USD,"8,577"
2015,ROYAL DUTCH SHELL PLC,Malaysia,MALAYSIA FEDERAL & STATE GOVERNMENTS,country,Royalties,USD,"265,687,689"
2015,Rio Tinto PLC,Brazil,BRAZIL NATIONAL,country,Tax,USD,"354,611"
2015,Tullow Oil PLC,Gabon,Gabonese Public Treasury - Ministry of Finance,country,Royalties,USD,"94,142"
2015,ROYAL DUTCH SHELL PLC,Canada,PEACE HILLS TRUST COMPANY - WOODLAND CREE FIRST NATION,country,Fees,USD,"3,872,603"
2015,Rio Tinto PLC,United States of America,CALIFORNIA GOVERNMENT,country,Tax,USD,"3,500,000"
2015,ROYAL DUTCH SHELL PLC,Malaysia,MALAYSIA FEDERAL & STATE GOVERNMENTS,country,Royalties,USD,"371,201,768"
2015,Rio Tinto PLC,United States of America,CALIFORNIA GOVERNMENT,country,Royalties,USD,"240,187"
2015,Glencore plc,Chile,Chile - Local - Sierra Gorda,country,Fees,USD,"541,000"
2015,Perenco Oil & Gas Colombia Limited,Colombia,DIAN,country,Tax,USD,"1,811,000"
2015,PetroLatina Energy Ltd. (consolidated group),Colombia,A Y C LIMITADA,country,Infrastructure,USD,"123,973"
2015,PetroLatina Energy Ltd. (consolidated group),Colombia,OBCIPOL LTDA.,country,Infrastructure,USD,"191,337"
2015,Petrofac,Malaysia,PETRONAS,country,Royalties,USD,0
2015,Gulf Keystone Petroleum Ltd,Iraq,Ministry of Natural Resources of the Kurdistan Regional Government ('KRG'),country,Royalties,USD,"23,552,918"
2015,ROYAL DUTCH SHELL PLC,Nigeria,FEDERATION ACCOUNT WITH CBN,country,Fees,USD,"291,115"
2015,Premier Oil Plc,Indonesia,SKK Migas,country,Production Entitlements,USD,"55,589,000"
2015,Premier Oil Plc,Viet Nam,Petro Vietnam,country,Production Entitlements,USD,"31,437,000"
2015,Acacia Mining,South Africa,South Africa,country,Tax,USD,"20,000"
2015,Centamin Plc,Burkina Faso,Burkina Faso,country,Fees,USD,"29,453"
2015,Exillon Energy Plc,Russian Federation,Municipality of Urai,country,Fees,USD,"32,000"
2015,Exillon Energy Plc,Russian Federation,Federal Agency for State Property Management (Rosimushchestvo) in Komi Republic,country,Fees,USD,"72,000"
2015,Petropavlovsk Plc,Russian Federation,Regional - Other,country,Fees,USD,"79,000"
2015,Petropavlovsk Plc,Russian Federation,Federal,country,Fees,USD,"84,000"
2015,ROYAL DUTCH SHELL PLC,Argentina,GAS Y PETROLEO DEL NEUQUEN S.A.,country,Bonuses,USD,"12,000,000"
2015,Total Sa,United States of America,Arlington Independent School District,country,Royalties,USD,"125,000"
2015,ROYAL DUTCH SHELL PLC,Australia,DEPARTMENT OF INDUSTRY,country,Royalties,USD,"120,230,627"
2015,Acacia Mining,Kenya,Kenya,country,Tax,USD,"136,000"
2015,Ophir Energy Plc,Seychelles,Seychelles,country,Fees,USD,"144,000"
2015,Total Sa,Yemen,Ministry of Oil & Minerals,country,Fees,USD,"150,000"
2015,Goldbridges Global Resources Plc,Kazakhstan,Kazakhstan,country,Fees,USD,"167,387"
2015,Green Dragon Gas Ltd,China,PetroChina,country,Fees,USD,"181,000"
2015,Total Sa,United States of America,Burleson Independent School District,country,Royalties,USD,"215,000"
2015,Total Sa,Kenya,Kenya Ministry of Energy,country,Fees,USD,"228,000"
2015,Ophir Energy Plc,Kenya,Kenya,country,Fees,USD,"232,000"
2015,Hunting Plc,United States of America,State of North Dakota,country,Tax,USD,"1,699"
2015,Great Eastern Energy Group,India,"Department of Revenue, Ministry of Finance, Government of India",country,Tax,USD,"232,346"
2015,Genel Energy Plc,Iraq,Kurdistan Region of Iraq,country,Infrastructure,USD,"280,000"
2015,Randgold Resources,Mali,Infrastructure expenditure (a),country,Infrastructure,USD,"328,163"
2015,Total Sa,Bulgaria,Ministry of Energy of Bulgaria,country,Fees,USD,"329,000"
2015,Total Sa,Russian Federation,Nenets Tax Inspection,country,Fees,USD,"356,000"
2015,Vedanta Resources,South Africa,South African Revenue Services,country,Royalties,USD,"370,000"
2015,Total Sa,Congo,Société Nationale des Pétroles Congolais,country,Production Entitlements,USD,"419,000"
2015,Total Sa,Canada,Province of Alberta,country,Fees,USD,"434,000"
2015,Premier Oil Plc,Viet Nam,Petro Vietnam,country,Bonuses,USD,"450,000"
2015,Total Sa,South Africa,South African Revenue Service,country,Tax,USD,"469,000"
2015,Glencore plc,Zambia,Zambia - National,country,Fees,USD,"4,000"
2015,Vedanta Resources,India,"Vishakhapatnam Port Trust, Ministry of Shipping, Government of India",country,Fees,USD,"490,000"
2015,Total Sa,"Venezuela, Bolivarian Republic of","Fondo Nacional de Cienca, Tecnologia e Innovacio",country,Tax,USD,"491,000"
2015,Exillon Energy Plc,Russian Federation,Federal budget,country,Tax,USD,"529,000"
2015,Green Dragon Gas Ltd,China,China National Offshore Oil Company (CNOOC),country,Fees,USD,"537,000"
2015,EnQuest PLC,Norway,SKATTEETATEN,country,Tax,USD,"-2,924,275"
2015,Ophir Energy Plc,Equatorial Guinea,Equatorial Guinea,country,Fees,USD,"555,000"
2015,Goldbridges Global Resources Plc,Kazakhstan,Kazakhstan,country,Royalties,USD,"558,492"
2015,Total Sa,Angola,"Sonangol, E.P.",country,Fees,USD,"567,000"
2015,Total Sa,United States of America,Carroll County,country,Tax,USD,"574,000"
2015,Total Sa,Uganda,Ministry of Energy and Mineral Development,country,Fees,USD,"579,000"
2015,Randgold Resources,Cote d'Ivoire,Ministère du Budget et du Portefeuille de l'Etat - Receveur de Grandes Entreprises,country,Tax,USD,"579,868"
2015,Total Sa,United Kingdom of Great Britain and Northern Ireland,Crown Estate,country,Fees,USD,"580,000"
2015,Total Sa,Nigeria,"Department of Petroleum Resources, Federal Government of Nigeria",country,Fees,USD,"581,000"
2015,Total Sa,United States of America,Dallas/Fort Worth International Airport Board,country,Royalties,USD,"655,000"
2015,Centamin Plc,Burkina Faso,Burkina Faso,country,Fees,USD,"662,250"
2015,Glencore plc,Peru,Peru - National,country,Royalties,USD,"28,825,000"
2015,Total Sa,Gabon,Direction Générale des Impôts,country,Fees,USD,"693,000"
2015,Gem Diamonds Ltd,Lesotho,Government of Lesotho,country,Royalties,USD,"19,273,000"
2015,Seplat Petroleum,Nigeria,Nigeria Export Supervision Scheme,country,Fees,USD,"698,711"
2015,Total Sa,Argentina,"Secretaria de Energia, Republica Argentina",country,Tax,USD,"27,328,000"
2015,Vedanta Resources,Namibia,Namibian Inland Revenue Authority,country,Royalties,USD,"720,000"
2015,Total Sa,Yemen,Ministry of Oil & Minerals,country,Production Entitlements,USD,"27,802,000"
2015,Total Sa,Angola,Caixa do Tesouro Nacional,country,Fees,USD,"1,058,000"
